"sample_id","Cohort","Mechanostress","LD_buffering","Turnover","Adjusted_LD_predicted","Adjusted_LD_residual","Adjusted_LD_excess"
"TCGA-3C-AAAU-01","BRCA",-0.924376962410945,-1.81818530958554,-0.359623636877225,-0.110209200658745,-1.70797610892679,-1.794310271058
"TCGA-3C-AALI-01","BRCA",-0.38235208454503,0.943009539573283,-0.145421466519735,-0.0445654343605784,0.987574973933862,1.03749455856429
"TCGA-3C-AALJ-01","BRCA",-0.183956949533468,0.108664343239519,-0.456695437665134,-0.139957538849859,0.248621882089378,0.261189131575764
"TCGA-3C-AALK-01","BRCA",0.771013762557103,0.133484176418462,-0.846709787606449,-0.259480187932984,0.392964364351446,0.412827785722733
"TCGA-4H-AAAK-01","BRCA",0.475758679203949,-0.555276966721726,-0.3758271495242,-0.115174881424879,-0.440102085296847,-0.462348207234803
"TCGA-5L-AAT0-01","BRCA",-0.0626780919999262,-1.29832293479861,-0.645047615414301,-0.19767939254202,-1.10064354225659,-1.15627847621685
"TCGA-5T-A9QA-01","BRCA",-2.10853345975538,-0.715512737647996,-0.270735851386709,-0.0829689116935921,-0.632543825954404,-0.664517423793167
"TCGA-A1-A0SB-01","BRCA",0.916985532769553,-1.59582272547418,-1.1167675695031,-0.34224130044758,-1.2535814250266,-1.31694700808556
"TCGA-A1-A0SD-01","BRCA",1.22225598077756,0.540919559927273,0.680027343837886,0.208399177098728,0.332520382828545,0.349328503558694
"TCGA-A1-A0SE-01","BRCA",0.672064589053711,-0.146004944592108,-1.02270128758955,-0.313414024719393,0.167409080127285,0.175871214105861
"TCGA-A1-A0SF-01","BRCA",-0.241830976295662,-0.562453582631207,-0.93366470812023,-0.286128136789695,-0.276325445841512,-0.290293045105678
"TCGA-A1-A0SG-01","BRCA",0.622203024984144,0.195110308887269,0.145953070406841,0.0447283481222328,0.150381960765036,0.157983414037386
"TCGA-A1-A0SH-01","BRCA",1.68507200478534,0.830869386675715,1.32941409944775,0.407408329766228,0.423461056909487,0.44486601412897
"TCGA-A1-A0SI-01","BRCA",1.11598379824432,0.403918612689057,0.198208927049312,0.0607425240543645,0.343176088634693,0.360522830149923
"TCGA-A1-A0SJ-01","BRCA",0.565532165156428,1.18286770307017,0.993793265793538,0.304554957494478,0.878312745575689,0.922709382379985
"TCGA-A1-A0SK-01","BRCA",-1.12567575597257,-2.16185654872318,-2.56709995123251,-0.786705890895139,-1.37515065782804,-1.44466127874789
"TCGA-A1-A0SM-01","BRCA",0.678159856303291,0.145334929976788,-0.395651197458902,-0.121250100772738,0.266585030749527,0.280060275014474
"TCGA-A1-A0SN-01","BRCA",0.41482100958737,0.461346369227712,-0.0593252271576058,-0.0181806344007653,0.479527003628477,0.503765962160261
"TCGA-A1-A0SO-01","BRCA",-1.34475045879227,-0.222244245419197,-1.12486464740667,-0.344722707095857,0.122478461676659,0.128669458911754
"TCGA-A1-A0SP-01","BRCA",0.994422462497575,-0.887271423078905,-0.947498612805643,-0.290367634478467,-0.596903788600439,-0.627075866647914
"TCGA-A1-A0SQ-01","BRCA",-0.779328145542609,1.57612324274697,0.186751590691968,0.0572313424963724,1.5188919002506,1.59566830180016
"TCGA-A2-A04N-01","BRCA",0.011735355575905,-1.2851351694171,0.0187911046678561,0.0057586665963405,-1.29089383601344,-1.35614547340466
"TCGA-A2-A04P-01","BRCA",-0.420046983930129,-0.390927901544481,-1.82378459230925,-0.55891165507779,0.167983753533308,0.176474935896548
"TCGA-A2-A04Q-01","BRCA",0.219552913618438,-0.699801612116111,-0.114043874927314,-0.0349495500487818,-0.664852062067329,-0.698458765006433
"TCGA-A2-A04R-01","BRCA",0.338313214167943,-0.0557796515008407,-0.703229224026642,-0.215509556971383,0.159729905470542,0.167803875290156
"TCGA-A2-A04T-01","BRCA",0.518983715735873,-1.2828980002974,-0.485400654412644,-0.148754455036876,-1.13414354526052,-1.19147182532535
"TCGA-A2-A04U-01","BRCA",-1.00796136182619,0.0454133155718316,-1.5106039620999,-0.462935241466915,0.508348557038746,0.534044377087497
"TCGA-A2-A04V-01","BRCA",-0.114064691331416,-0.811865192156834,0.0808174273860572,0.0247670707878264,-0.83663226294466,-0.87892204970207
"TCGA-A2-A04W-01","BRCA",0.690672395475027,0.22786770229325,2.40794677783107,0.737932278083741,-0.510064575790491,-0.53584713653799
"TCGA-A2-A04X-01","BRCA",-1.36782321465316,-0.43304230156556,-0.791780342841585,-0.242646672058633,-0.190395629506928,-0.200019679317117
"TCGA-A2-A04Y-01","BRCA",-1.17480731612035,0.647680479877446,1.03934180676258,0.318513629218506,0.32916685065894,0.345805458250977
"TCGA-A2-A0CK-01","BRCA",-0.797445073633942,0.519991060916873,0.393975990937189,0.12073672191561,0.399254339001262,0.419435703749146
"TCGA-A2-A0CL-01","BRCA",0.904868406320145,0.257457778532124,-0.285192532146096,-0.0873992635039062,0.34485704203603,0.362288751779286
"TCGA-A2-A0CM-01","BRCA",0.70226216779115,-0.410368514231257,-0.792863386811885,-0.242978578524185,-0.167389935707072,-0.175851101980379
"TCGA-A2-A0CO-01","BRCA",0.473761792520653,1.37286150986477,-0.460969710678633,-0.141267419969758,1.51412892983452,1.59066457446835
"TCGA-A2-A0CP-01","BRCA",1.18646476802116,0.256496034555439,0.27331910940223,0.0837605693372833,0.172735465218156,0.181466835394829
"TCGA-A2-A0CQ-01","BRCA",-1.14545117052587,-1.58707970390272,-0.708690719211712,-0.217183270701589,-1.36989643320113,-1.43914146546407
"TCGA-A2-A0CR-01","BRCA",-1.03745755069816,-0.978790507776386,0.264587116476763,0.0810845885012346,-1.05987509627762,-1.1134492814917
"TCGA-A2-A0CS-01","BRCA",-0.0286594855616372,0.127847209927962,0.831558127168899,0.254836854697228,-0.126989644769266,-0.133408671665013
"TCGA-A2-A0CT-01","BRCA",-1.65604401050348,-1.14895101498854,-0.0109134141464834,-0.00334449275911308,-1.14560652222942,-1.20351422873175
"TCGA-A2-A0CU-01","BRCA",0.777420834011897,1.03567432373997,0.996777035948869,0.305469354909019,0.730204968830946,0.767115106998907
"TCGA-A2-A0CV-01","BRCA",0.0739241940828093,-1.43657187268537,-0.410822054587114,-0.125899316969779,-1.31067255571559,-1.37692396071749
"TCGA-A2-A0CW-01","BRCA",-0.54444742230892,0.326388858739963,0.370400621552386,0.113511883643867,0.212876975096096,0.223637403878379
"TCGA-A2-A0CX-01","BRCA",0.258767685170953,0.926486853673659,-0.966871281482128,-0.296304525468174,1.22279137914183,1.28460059803413
"TCGA-A2-A0CZ-01","BRCA",0.884827173961909,0.607992940989835,0.16394335624441,0.0502415981382704,0.557751342851565,0.585944357151339
"TCGA-A2-A0D0-01","BRCA",-0.761781863203629,-0.625327150654722,-2.66931078564506,-0.8180291221963,0.192701971541579,0.202442601499528
"TCGA-A2-A0D1-01","BRCA",0.432796839350992,0.749711721096756,-2.17409413078267,-0.666266484569909,1.41597820566667,1.48755256279224
"TCGA-A2-A0D2-01","BRCA",0.203859922613304,0.3931330184034,-1.59381918947711,-0.488437134978463,0.881570153381863,0.926131444464516
"TCGA-A2-A0D3-01","BRCA",-0.119636430779594,-0.24709648292059,-0.490789426124433,-0.150405882145633,-0.0966906007749574,-0.10157808249103
"TCGA-A2-A0D4-01","BRCA",-0.272296108086616,0.975013222508243,0.933322368086298,0.286023224271094,0.688989998237149,0.723816816893274
"TCGA-A2-A0EM-01","BRCA",0.642575229157068,0.144283789349332,-0.746492096931265,-0.228767769591726,0.373051558941058,0.39190843498551
"TCGA-A2-A0EN-01","BRCA",1.36851264209734,1.84848966288757,0.905456653058094,0.277483579308627,1.57100608357895,1.65041673412607
"TCGA-A2-A0EO-01","BRCA",1.00903608099877,0.806954847587763,-0.250359580749512,-0.0767244598026322,0.883679307390395,0.928347211231377
"TCGA-A2-A0EP-01","BRCA",0.359631688215753,2.08804202412021,1.1917129428679,0.365208838853366,1.72283318526684,1.80991833754998
"TCGA-A2-A0EQ-01","BRCA",-0.376312967555086,0.11923045986791,0.311567617830847,0.0954820945877116,0.0237483652801983,0.0249487891079884
"TCGA-A2-A0ER-01","BRCA",-0.0101095950069784,-0.663538202859351,0.909170237870097,0.278621633573533,-0.942159836432884,-0.989783793025122
"TCGA-A2-A0ES-01","BRCA",0.720217939456753,-0.191874981394214,0.632304120525104,0.193774058628119,-0.385649040022333,-0.405142689010171
"TCGA-A2-A0ET-01","BRCA",-1.74677250782472,-1.15203223600131,0.345248904978767,0.105803962655014,-1.25783619865632,-1.32141685048261
"TCGA-A2-A0EU-01","BRCA",-0.243440007111004,-0.660220873769447,0.047013202990731,0.0144075277337369,-0.674628401503184,-0.708729275332321
"TCGA-A2-A0EV-01","BRCA",0.8415119929021,0.319438994730751,1.91665965311317,0.587373872692889,-0.267934877962138,-0.281478353818555
"TCGA-A2-A0EW-01","BRCA",0.497393913028854,1.66547894034677,0.766510027704668,0.234902405703346,1.43057653464342,1.50288880285226
"TCGA-A2-A0EX-01","BRCA",0.528654860642505,0.0776934633062593,0.250397833207147,0.0767361825381451,0.000957280768114264,0.00100566905212337
"TCGA-A2-A0EY-01","BRCA",0.119170696280098,1.26731086990367,0.991422477296957,0.303828412633835,0.963482457269833,1.01218422203209
"TCGA-A2-A0ST-01","BRCA",0.176476711172784,-1.17715544341063,0.412424542165906,0.126390410593819,-1.30354585400445,-1.36943702105116
"TCGA-A2-A0SU-01","BRCA",0.783661510611258,-0.231585577529584,-0.0147059808366332,-0.00450675157779332,-0.227078825951791,-0.238557124783854
"TCGA-A2-A0SV-01","BRCA",-0.185777935477871,0.548736220351528,0.653242702680652,0.200190834850974,0.348545385500555,0.366163532302852
"TCGA-A2-A0SW-01","BRCA",-0.519584201577019,0.288146462103451,0.156602406652456,0.0479919123455606,0.24015454975789,0.252293795574609
"TCGA-A2-A0SX-01","BRCA",0.91214473889673,0.443925724158371,0.434305816863716,0.133096081596927,0.310829642561443,0.326541347553
"TCGA-A2-A0SY-01","BRCA",0.451259048326296,0.412246187601931,0.438688139301316,0.134439075225129,0.277807112376802,0.291849606388156
"TCGA-A2-A0T0-01","BRCA",-0.775245213660424,1.74013167578287,-0.419996502632356,-0.128710891298795,1.86884256708166,1.96330814908884
"TCGA-A2-A0T1-01","BRCA",0.958558285843571,1.57354519911941,-0.0190603695890514,-0.00584118473109929,1.57938638385051,1.65922063880203
"TCGA-A2-A0T2-01","BRCA",0.603721130713287,0.878784213840789,0.721230183710325,0.221026078062866,0.657758135777924,0.69100625748207
"TCGA-A2-A0T3-01","BRCA",-0.318410130996025,0.615185226753008,-0.975372476939838,-0.298909776791957,0.914095003544965,0.960300349057067
"TCGA-A2-A0T4-01","BRCA",-0.0159069718541688,1.67443583682789,1.28360651542436,0.393370272470652,1.28106556435724,1.34582040580723
"TCGA-A2-A0T5-01","BRCA",0.720105936228714,-0.744051425410531,-0.830139288177238,-0.254402041478353,-0.489649383932179,-0.51440000490334
"TCGA-A2-A0T6-01","BRCA",0.939398914606519,1.04115596906754,0.338757767229185,0.103814707696805,0.937341261370737,0.98472165036359
"TCGA-A2-A0T7-01","BRCA",1.47404375043783,0.380192825582681,0.6848728733948,0.20988412381656,0.170308701766121,0.178917404776534
"TCGA-A2-A0YC-01","BRCA",-0.0306447068345793,0.725287206632068,1.93913990332777,0.594263103968878,0.131024102663191,0.137647061885687
"TCGA-A2-A0YD-01","BRCA",1.58903180399668,0.0691227530782561,0.29572862036836,0.0906281220715151,-0.0215053689932591,-0.0225924146513638
"TCGA-A2-A0YE-01","BRCA",0.0667292289001928,-1.119188990445,-1.0849631864879,-0.332494622893273,-0.78669436755173,-0.826459911531497
"TCGA-A2-A0YF-01","BRCA",-0.682241246102444,0.820604266638893,1.68329394689837,0.515857305632872,0.304746961006021,0.32015120079777
"TCGA-A2-A0YG-01","BRCA",-0.00977230311486807,-0.4030063346552,0.384958065760883,0.117973115124046,-0.520979449779246,-0.547313731651918
"TCGA-A2-A0YH-01","BRCA",0.0388202765454344,0.693356227120038,0.0163894436640671,0.00502266063805779,0.68833356648198,0.723127204061811
"TCGA-A2-A0YI-01","BRCA",-0.0380985342677442,0.216313555938778,0.442707733119118,0.13567090810875,0.0806426478300283,0.0847189433918101
"TCGA-A2-A0YJ-01","BRCA",0.761889613484183,0.44149372849815,-0.608289376659865,-0.186414570947068,0.627908299445218,0.659647582357025
"TCGA-A2-A0YK-01","BRCA",0.766286657364755,0.671454982446757,-0.375309839880919,-0.115016348235086,0.786471330681843,0.826225600674119
"TCGA-A2-A0YL-01","BRCA",0.432932689207873,-0.89378494917037,-0.881141961997278,-0.27003217069337,-0.623752778477,-0.655282009609315
"TCGA-A2-A0YM-01","BRCA",1.45432104318296,0.0348573713877277,-2.00935978331936,-0.615782481592181,0.650639852979909,0.68352816228506
"TCGA-A2-A0YT-01","BRCA",0.00764920801313685,0.666927889176256,0.0888034489131301,0.0272144434260235,0.639713445750232,0.672049450952095
"TCGA-A2-A1FV-01","BRCA",-1.14235951120538,-0.0312317670336838,-1.03171821813168,-0.316177326698299,0.284945559664615,0.299348885342344
"TCGA-A2-A1FW-01","BRCA",-0.706291721310011,1.03126574451249,-0.455329898314542,-0.139539059682016,1.17080480419451,1.22998622439179
"TCGA-A2-A1FX-01","BRCA",-0.933971632057075,-1.15830671937608,-0.94155829628973,-0.288547182573348,-0.869759536802728,-0.913723829085876
"TCGA-A2-A1FZ-01","BRCA",1.22982618184085,1.04457594790778,2.41250274529534,0.739328486455429,0.30524746145235,0.32067700036067
"TCGA-A2-A1G0-01","BRCA",0.679725008884747,0.743017279131948,0.13489193608467,0.0413385854731171,0.701678693658831,0.737146895928019
"TCGA-A2-A1G1-01","BRCA",2.50514658502224,-0.383495909083367,0.234788135395964,0.0719524805177952,-0.455448389601162,-0.47847023101025
"TCGA-A2-A1G4-01","BRCA",-0.360775434786151,-0.164089757501044,0.863187306485912,0.264529839842168,-0.428619597343213,-0.450285306609423
"TCGA-A2-A1G6-01","BRCA",0.192551280626624,-0.462806182302224,0.938242999663075,0.287531186532757,-0.750337368834981,-0.788265152318327
"TCGA-A2-A259-01","BRCA",1.43035229041377,-0.742881407209314,-1.32318674189479,-0.405499912110236,-0.337381495099077,-0.354435333584122
"TCGA-A2-A25A-01","BRCA",0.613667510120159,-1.63268564299363,-0.717268168196641,-0.219811890456755,-1.41287375253688,-1.48429118688208
"TCGA-A2-A25B-01","BRCA",0.864591678838683,-0.0288445417389316,-1.43340627791513,-0.43927746652034,0.410432924781408,0.431179340663261
"TCGA-A2-A25C-01","BRCA",0.0201311047881013,0.752332930380228,-0.437433607472076,-0.134054615095361,0.886387545475589,0.931192344361363
"TCGA-A2-A25D-01","BRCA",-0.377752340945528,0.694636890996569,0.752057372157301,0.230473287447653,0.464163603548916,0.487625978458467
"TCGA-A2-A25E-01","BRCA",-0.798478773932259,-0.336992099600241,0.512824047750559,0.157158547396783,-0.494150646997025,-0.519128796194843
"TCGA-A2-A25F-01","BRCA",1.29900406869417,0.669649431886286,1.33953375643171,0.410509570042944,0.259139861843342,0.272238770387854
"TCGA-A2-A3KC-01","BRCA",0.674815433534151,-0.308800225229431,-0.053852951463263,-0.0165036169074359,-0.292296608321995,-0.307071512163671
"TCGA-A2-A3KD-01","BRCA",-0.147290013973211,-0.325481257941627,-0.450529794430431,-0.138068033982091,-0.187413223959536,-0.196886520206649
"TCGA-A2-A3XS-01","BRCA",-0.0711848184522811,0.151675651357747,-0.214368887646116,-0.0656948579874609,0.217370509345208,0.228358075680749
"TCGA-A2-A3XT-01","BRCA",-1.23610242547028,0.92301271540952,-0.743936077769211,-0.22798445948685,1.15099717489637,1.20917736617112
"TCGA-A2-A3XU-01","BRCA",-2.39325247548425,0.306687512004757,-0.917563098893071,-0.281193685045494,0.587881197050251,0.617597204384754
"TCGA-A2-A3XV-01","BRCA",-3.71376974941541,3.06876900834413,1.34523410000732,0.412256480547502,2.65651252779663,2.79079296771595
"TCGA-A2-A3XW-01","BRCA",-0.869372624995596,-0.965338311083069,0.0514247564528043,0.0157594794156126,-0.981097790498682,-1.03068996879016
"TCGA-A2-A3XX-01","BRCA",1.0916170870842,0.399380733931145,-0.690190580025069,-0.211513772529722,0.610894506460867,0.641773782283405
"TCGA-A2-A3XY-01","BRCA",1.18911179615664,1.69367641403046,-0.789976663238613,-0.242093921719378,1.93577033574984,2.03361895853907
"TCGA-A2-A3XZ-01","BRCA",-0.685011632127144,0.34077233801111,-0.100778632327464,-0.030884322868031,0.371656660879141,0.390443028117992
"TCGA-A2-A3Y0-01","BRCA",-1.98734283238994,1.58885414678232,-0.492094549535814,-0.15080584642267,1.73965999320499,1.82759570092452
"TCGA-A2-A4RW-01","BRCA",0.646639669929287,0.344715356591011,0.358530023005603,0.109874054972366,0.234841301618646,0.246711975279174
"TCGA-A2-A4RX-01","BRCA",2.81851792442248,-0.18045777604455,-0.756989555416894,-0.231984789804012,0.0515270137594613,0.0541315827208161
"TCGA-A2-A4RY-01","BRCA",0.378090795235368,0.307481565845816,-0.0991496555344678,-0.0303851114374177,0.337866677283234,0.354945040582842
"TCGA-A2-A4S0-01","BRCA",-2.11211907973167,-1.34442074132957,1.1136465693146,0.341284847921219,-1.68570558925079,-1.77091402916235
"TCGA-A2-A4S1-01","BRCA",-0.230466321842494,-1.30120421934466,0.396911612251679,0.121636363778187,-1.42284058312285,-1.49476181723623
"TCGA-A2-A4S2-01","BRCA",-0.057427314465482,0.865586804443068,-0.124149316781932,-0.0380464339988243,0.903633238441892,0.949309766413827
"TCGA-A2-A4S3-01","BRCA",-1.00175713253035,0.420006405613558,1.17157529491634,0.359037514567898,0.06096889104566,0.0640507246245872
"TCGA-A7-A0CD-01","BRCA",-0.211621560111978,0.318393572655149,0.24906315280744,0.0763271603135106,0.242066412341638,0.254302298300696
"TCGA-A7-A0CE-01","BRCA",0.620085680555216,0.234753619179596,-0.451244839706156,-0.138287164651468,0.373040783831063,0.39189711521913
"TCGA-A7-A0CG-01","BRCA",0.136646584869647,0.841755280604338,-0.0888660658722853,-0.0272336328349181,0.868988913439257,0.912914252529759
"TCGA-A7-A0CH-01","BRCA",-0.00951932877866402,-1.19184152479449,-0.402414621702286,-0.123322799847949,-1.06851872494654,-1.12252982519415
"TCGA-A7-A0CJ-01","BRCA",-0.471772187926385,-0.825698096840315,-2.09514446802584,-0.642071803429754,-0.183626293410561,-0.192908169254141
"TCGA-A7-A0D9-01","BRCA",0.686945727627852,0.584330657741903,1.76338785640679,0.54040264926269,0.0439280084792123,0.0461484656544174
"TCGA-A7-A0DA-01","BRCA",1.61315320027838,-0.00298264301304894,-1.21012002123226,-0.370849817879704,0.367867174866655,0.386461992529323
"TCGA-A7-A0DB-01","BRCA",-0.00845035550338405,1.79830827660738,1.84145373478993,0.564326488446449,1.23398178816093,1.29635665582403
"TCGA-A7-A0DC-01","BRCA",-1.23919768096029,-0.0712799896736965,-0.262324844621117,-0.0803912993307882,0.00911130965709164,0.00957186486102672
"TCGA-A7-A13D-01","BRCA",1.79601828054306,1.41293947018101,0.124210902153614,0.03806530727046,1.37487416291055,1.44437080766473
"TCGA-A7-A13E-01","BRCA",0.190611223922123,1.52353946872978,-1.02365101820292,-0.313705076366193,1.83724454509597,1.93011292165111
"TCGA-A7-A13F-01","BRCA",0.693830315187176,0.553641191949037,0.674878201810351,0.206821186197293,0.346820005751744,0.36435093867898
"TCGA-A7-A13G-01","BRCA",0.313687911762342,-1.10112346388396,-0.114466036867746,-0.0350789245537713,-1.06604453933019,-1.11993057533303
"TCGA-A7-A13H-01","BRCA",-0.032784736833517,0.110703609488628,1.21946956958516,0.373715052933328,-0.2630114434447,-0.276306051303698
"TCGA-A7-A26E-01","BRCA",0.205897625269955,-1.02276372560983,0.310964711849263,0.0952973297961652,-1.118061055406,-1.17457640355724
"TCGA-A7-A26F-01","BRCA",1.31146947283304,0.39133683884661,-0.361861968741824,-0.110895153250042,0.502231992096652,0.52761863422035
"TCGA-A7-A26G-01","BRCA",0.913993224105478,0.697396287677172,-1.04913642258426,-0.321515258337885,1.01891154601506,1.07041512042178
"TCGA-A7-A26H-01","BRCA",0.690723580604505,0.125361616598959,1.6159790543897,0.49522818191834,-0.369866565319381,-0.388562447451632
"TCGA-A7-A26I-01","BRCA",2.14708754882563,0.304755869320803,-0.971334836274535,-0.297672413324599,0.602428282645402,0.632879610831142
"TCGA-A7-A26J-01","BRCA",-0.0494537477052965,-0.453698385974965,-0.332134570102239,-0.101784982210726,-0.35191340376424,-0.369701795942522
"TCGA-A7-A2KD-01","BRCA",0.441244122299045,0.128269517949202,0.566893871062195,0.17372862621218,-0.0454591082629777,-0.047756958919438
"TCGA-A7-A3IY-01","BRCA",-0.603731090855369,-1.51993572753351,-0.214099338145124,-0.0656122526412155,-1.45432347489229,-1.52783609489695
"TCGA-A7-A3IZ-01","BRCA",-1.14742805890465,-1.16832371560867,-0.585271489253085,-0.179360576960515,-0.98896313864815,-1.03895289172935
"TCGA-A7-A3J0-01","BRCA",-1.2775757143013,-1.83323071075149,0.671823717671484,0.205885117983612,-2.0391158287351,-2.14218832233863
"TCGA-A7-A3J1-01","BRCA",-0.161211191206775,0.315150791406627,0.687542926066954,0.210702380295111,0.104448411111516,0.109728031834615
"TCGA-A7-A3RF-01","BRCA",-0.831132958615806,-0.330671178068735,1.31812650011882,0.403949165318085,-0.734620343386821,-0.771753668319974
"TCGA-A7-A425-01","BRCA",-0.428790080488788,1.22457695931234,0.200616454190069,0.0614803277317064,1.16309663158063,1.22188842184065
"TCGA-A7-A426-01","BRCA",-0.427755447536939,-0.420198469597965,-0.472213679248925,-0.144713213464102,-0.275485256133863,-0.289410385790836
"TCGA-A7-A4SA-01","BRCA",-0.218735484577003,0.21855810037977,-0.434444634496404,-0.13313862323982,0.35169672361959,0.369474163127844
"TCGA-A7-A4SB-01","BRCA",-0.456571170930392,0.441188541776475,-0.244354731023289,-0.0748842312399338,0.516072773016409,0.542159033956614
"TCGA-A7-A4SC-01","BRCA",0.378589347998154,0.658715160330913,0.838093308070906,0.256839606990222,0.401875553340692,0.422189414288363
"TCGA-A7-A4SD-01","BRCA",0.889016775965832,-0.0909576530450041,-0.145220018361523,-0.0445036991512774,-0.0464539538937268,-0.0488020916493636
"TCGA-A7-A4SE-01","BRCA",1.70614856595903,0.00902789441953979,-2.14432102822023,-0.657142307240995,0.666170201660535,0.699843533445766
"TCGA-A7-A4SF-01","BRCA",-0.645176599396308,-0.783575268412527,-1.18077527578366,-0.361856913610375,-0.421718354802152,-0.443035222542224
"TCGA-A7-A56D-01","BRCA",-1.0752870114766,-1.46606851395183,0.592151008709786,0.181468854232896,-1.64753736818473,-1.7308164945839
"TCGA-A7-A5ZV-01","BRCA",-0.76213272968945,0.776587653317751,0.113499298262765,0.0347826606879531,0.741804992629798,0.779301484629139
"TCGA-A7-A5ZW-01","BRCA",0.0562496726688119,-0.635867985618746,-0.437799835024509,-0.134166848112532,-0.501701137506214,-0.527060946182981
"TCGA-A7-A5ZX-01","BRCA",-0.119026471891782,-1.20456646753812,-0.0357085648392296,-0.0109431416182082,-1.19362332591991,-1.25395816854737
"TCGA-A7-A6VV-01","BRCA",2.11019788190402,0.789460381043414,-0.786497117920583,-0.241027590508543,1.03048797155196,1.08257670695361
"TCGA-A7-A6VW-01","BRCA",-1.16256895127199,0.650222818704,-1.74683347504489,-0.5353294423035,1.1855522610075,1.24547913034829
"TCGA-A7-A6VX-01","BRCA",0.49818728937762,-0.191496172641248,0.0203415587161654,0.00623381417786775,-0.197729986819115,-0.207724771085137
"TCGA-A7-A6VY-01","BRCA",0.987953573188736,0.940160646517469,-0.522072956990113,-0.159992940884118,1.10015358740159,1.15576375530004
"TCGA-A8-A06N-01","BRCA",-2.67266570523246,-1.20675447248811,0.543282116361869,0.166492637403797,-1.3732471098919,-1.44266151095523
"TCGA-A8-A06O-01","BRCA",0.0652568543419531,1.9379686791446,0.916351879439657,0.280822498298866,1.65714618084574,1.74091101005178
"TCGA-A8-A06P-01","BRCA",1.70651043356333,1.16899758705862,1.05947561295915,0.324683776171054,0.844313810887563,0.88699188176795
"TCGA-A8-A06Q-01","BRCA",-0.855044052058441,0.977081895252668,-0.83161458796737,-0.25485415750725,1.23193605275992,1.29420751332565
"TCGA-A8-A06R-01","BRCA",0.409026005874585,-0.795831240386472,-1.87167435597701,-0.57358781101512,-0.222243429371351,-0.233477310315973
"TCGA-A8-A06T-01","BRCA",-1.15079518954598,-0.61423507925492,0.138606729928615,0.0424770102543921,-0.656712089509312,-0.689907336042852
"TCGA-A8-A06U-01","BRCA",-0.169570962872145,-0.559594730531114,0.767707751263121,0.23526945653775,-0.794864187068864,-0.83504269614755
"TCGA-A8-A06X-01","BRCA",-0.579200008264556,-0.695915673094223,-0.808725694803245,-0.24783969471641,-0.448075978377813,-0.470725161795652
"TCGA-A8-A06Y-01","BRCA",-0.701146877951097,-1.75448483181885,1.16983369947571,0.358503790358196,-2.11298862217705,-2.21979521117732
"TCGA-A8-A06Z-01","BRCA",-1.30998727700312,-0.179546207006192,1.66992146356635,0.511759213773166,-0.691305420779358,-0.726249278581473
"TCGA-A8-A075-01","BRCA",0.935256244220298,1.24110518709929,-0.0103352235787829,-0.00316730218051808,1.2442724892798,1.30716752760231
"TCGA-A8-A076-01","BRCA",0.413519677661712,0.862761019245949,-0.426308409107704,-0.130645219568542,0.993406238814491,1.04362058012507
"TCGA-A8-A079-01","BRCA",-0.611010712935117,0.582189983908827,-0.825446583676344,-0.252963929077115,0.835153912985942,0.877368972641282
"TCGA-A8-A07B-01","BRCA",0.558070580130963,-0.605703810120213,-2.64550346610972,-0.810733201164524,0.205029391044311,0.215393142970095
"TCGA-A8-A07C-01","BRCA",-0.964898034381716,-0.529754616739377,-0.842996574244452,-0.258342247501552,-0.271412369237825,-0.28513162407267
"TCGA-A8-A07E-01","BRCA",1.29477324091831,0.380515751356379,-1.08441679400959,-0.332327177063507,0.712842928419886,0.74887545641289
"TCGA-A8-A07F-01","BRCA",0.128438868551631,-0.89060740860656,-0.992814621999518,-0.304255045199488,-0.586352363407072,-0.615991091808379
"TCGA-A8-A07G-01","BRCA",1.29421898899377,0.52665921775508,0.237395883894835,0.0727516434428888,0.453907574312191,0.476851531144161
"TCGA-A8-A07I-01","BRCA",1.80200174201728,0.900184015108581,-0.180179658370085,-0.0552173274714773,0.955401342580059,1.00369462606311
"TCGA-A8-A07J-01","BRCA",0.701896069931762,1.09427346577634,2.28974982749186,0.701709988775119,0.392563477001217,0.412406634462892
"TCGA-A8-A07L-01","BRCA",-0.328282740702393,-0.95074079929185,-0.698127027945051,-0.213945952986286,-0.736794846305564,-0.774038087230259
"TCGA-A8-A07O-01","BRCA",0.374002696990056,1.14918818469577,-1.1498277639745,-0.352372830282365,1.50156101497814,1.57746138117148
"TCGA-A8-A07P-01","BRCA",-0.0729095445634522,0.341509970181714,1.26382442312812,0.387307910724192,-0.0457979405424777,-0.0481129183711513
"TCGA-A8-A07R-01","BRCA",0.709987725590706,0.758342715795627,-1.76609410151898,-0.541231997169829,1.29957471296546,1.36526514820303
"TCGA-A8-A07S-01","BRCA",-0.281028404253466,-0.814447295278116,-0.570433630180498,-0.174813410366915,-0.639633884911201,-0.671965868500384
"TCGA-A8-A07U-01","BRCA",1.00502075231897,0.490544540250655,0.187042146322239,0.0573203853191334,0.433224154931521,0.455122613718814
"TCGA-A8-A07W-01","BRCA",1.27031535804702,0.574536269274272,1.98973524990641,0.609768404877081,-0.0352321356028091,-0.0370130369230699
"TCGA-A8-A07Z-01","BRCA",0.135058513569584,0.807316197533263,0.22411205284196,0.0686807196995672,0.738635477833696,0.775971758338946
"TCGA-A8-A081-01","BRCA",-0.697897991955778,-0.896889850472414,2.14685274937215,0.657918171049243,-1.55480802152166,-1.63339989825306
"TCGA-A8-A082-01","BRCA",0.693883810694123,-1.73728436737464,0.284359816958827,0.0871440720599785,-1.82442843943462,-1.91664899208972
"TCGA-A8-A083-01","BRCA",-1.35085893260372,-1.13277881239595,-0.093313360591358,-0.0285965376771551,-1.1041822747188,-1.15999608325496
"TCGA-A8-A085-01","BRCA",0.451003901732276,0.0741039584371841,0.380207114882932,0.116517152709632,-0.0424131942724478,-0.0445570811638872
"TCGA-A8-A086-01","BRCA",1.01448806875923,0.281140655049255,-1.21988421103283,-0.373842122730254,0.654982777779508,0.688090611685626
"TCGA-A8-A08A-01","BRCA",0.100756258024622,0.875248786591302,0.00142179763851287,0.000435719917076693,0.874813066674225,0.919032802967966
"TCGA-A8-A08B-01","BRCA",-0.990228396582783,-1.08819134899392,-2.63180040170234,-0.80653380040203,-0.281657548591891,-0.295894673068351
"TCGA-A8-A08C-01","BRCA",0.406621092472904,-0.0486828769833588,0.093898211784687,0.0287757694514646,-0.0774586464348233,-0.0813739982391117
"TCGA-A8-A08G-01","BRCA",0.0290671733553075,0.362711946525479,2.00333717499891,0.613936810782994,-0.251224864257515,-0.263923688350451
"TCGA-A8-A08H-01","BRCA",1.55274126444243,1.8358974085836,2.43368070643839,0.745818622057819,1.09007878652578,1.14517969701266
"TCGA-A8-A08I-01","BRCA",-0.355693279433138,0.151031557301943,0.52691829464656,0.161477828792699,-0.0104462714907558,-0.0109743058653795
"TCGA-A8-A08J-01","BRCA",0.343433821849683,0.176610521536751,1.48162379112448,0.454054063616959,-0.277443542080208,-0.291467658470958
"TCGA-A8-A08L-01","BRCA",-0.806161239911543,0.844865873382917,1.9908308516591,0.610104159763643,0.234761713619274,0.246628364294231
"TCGA-A8-A08O-01","BRCA",0.627037251057989,0.20608944918816,-0.474131485028459,-0.145300938575323,0.351390387763483,0.369152342717047
"TCGA-A8-A08P-01","BRCA",-0.115775714730838,0.975795282938972,0.156448487244267,0.0479447426570226,0.92785054028195,0.974751195718263
"TCGA-A8-A08R-01","BRCA",1.58791564620551,0.250914419369142,-0.533774860772422,-0.163579071854909,0.414493491224051,0.435445159158184
"TCGA-A8-A08T-01","BRCA",0.0364021094529599,-1.1273765938437,0.0690420739918176,0.0211584306652739,-1.14853502450898,-1.20659075989138
"TCGA-A8-A08X-01","BRCA",1.59941105919763,0.304239564348274,-1.05554199533283,-0.323478291297872,0.627717855646146,0.659447512073284
"TCGA-A8-A08Z-01","BRCA",1.53046063665174,-0.088764155514786,0.150848476465075,0.0462285798457727,-0.134992735360559,-0.141816299601441
"TCGA-A8-A090-01","BRCA",-0.0977163169118712,1.17382240528181,0.295123223168427,0.0904425938285303,1.08337981145328,1.13814210455729
"TCGA-A8-A091-01","BRCA",-0.308724271769253,-0.766449171015115,0.294805512931293,0.0903452292849213,-0.856794400300037,-0.900103335525772
"TCGA-A8-A092-01","BRCA",0.285245493781484,1.045961959562,0.433056863764816,0.13271333110843,0.913248628453567,0.959411191701922
"TCGA-A8-A093-01","BRCA",0.385737972073808,-0.110036797690197,0.212845594405849,0.065228034027177,-0.175264831717374,-0.184124055402238
"TCGA-A8-A094-01","BRCA",0.323860102257593,0.824640001779412,0.908738961864825,0.278489465999074,0.546150535780338,0.573757156656162
"TCGA-A8-A095-01","BRCA",0.224048872741268,-0.182388932886702,-1.19300594403463,-0.365605088183008,0.183216155296306,0.192477299625981
"TCGA-A8-A096-01","BRCA",1.55500490376454,-0.370849107961524,-0.0955414212708114,-0.0292793425912981,-0.341569765370226,-0.35883531103475
"TCGA-A8-A097-01","BRCA",0.766900004098639,-0.486373450980363,0.853756711083393,0.2616397673484,-0.748013218328764,-0.785823521488133
"TCGA-A8-A099-01","BRCA",-0.473029593021293,-2.18202383099699,-0.263022532756958,-0.0806051107821926,-2.1014187202148,-2.20764047797146
"TCGA-A8-A09A-01","BRCA",1.12141269185349,1.04939835891099,0.948270594049325,0.290604213576906,0.75879414533408,0.797149398914674
"TCGA-A8-A09B-01","BRCA",0.330924272125535,0.460638238574201,0.790432414288949,0.242233589844068,0.218404648730134,0.229444488371406
"TCGA-A8-A09C-01","BRCA",-0.254873136382029,0.420408567413623,-0.982173880536503,-0.300994114907924,0.721402682321547,0.757867885676511
"TCGA-A8-A09D-01","BRCA",0.96617540862278,2.71946958414003,0.63348122638285,0.194134791022683,2.52533479311735,2.65298450807827
"TCGA-A8-A09G-01","BRCA",-0.29653729409109,1.90872792451569,0.432054189861252,0.132406054616838,1.77632186989885,1.86611074897715
"TCGA-A8-A09I-01","BRCA",-0.388889642688055,0.349370664517481,-0.0529087989749443,-0.0162142747164133,0.365584939233894,0.384064395270536
"TCGA-A8-A09M-01","BRCA",-0.666719197980872,-0.368018205180612,0.419091923178342,0.128433676543322,-0.496451881723935,-0.521546352907158
"TCGA-A8-A09N-01","BRCA",0.149836627764282,-0.0125365347615876,1.25447803870296,0.384443645278545,-0.396980180040132,-0.417046591418682
"TCGA-A8-A09Q-01","BRCA",-0.000722146092518385,1.45027012960515,0.274100903560641,0.0840001556726708,1.36626997393248,1.43533169723645
"TCGA-A8-A09R-01","BRCA",0.485168912593592,0.537927073356001,1.45416756256315,0.445639908671185,0.0922871646848165,0.0969520630969698
"TCGA-A8-A09T-01","BRCA",-0.287651873771839,-1.00139784584896,-0.0748084585733383,-0.0229255799020113,-0.978472265946953,-1.02793173016758
"TCGA-A8-A09V-01","BRCA",-0.292346956046455,-1.46099992416945,-1.19241181459267,-0.36542301302395,-1.0955769111455,-1.15095573885842
"TCGA-A8-A09W-01","BRCA",-0.389519930176131,0.72793489598891,-0.0421072842128675,-0.0129040743130997,0.74083897030201,0.778286632152128
"TCGA-A8-A09X-01","BRCA",1.00642287731128,0.285575370835519,0.272903840290246,0.0836333071882004,0.201942063647319,0.212149758458104
"TCGA-A8-A09Z-01","BRCA",0.232757333850927,-0.778807946888962,0.997178848381785,0.305592493163865,-1.08440044005283,-1.13921432352424
"TCGA-A8-A0A1-01","BRCA",0.658249695169772,0.616451177284346,1.12912252193758,0.346027562785075,0.270423614499271,0.284092890115168
"TCGA-A8-A0A2-01","BRCA",0.609210144817269,-1.24026441914317,-0.725864306081752,-0.222446237557232,-1.01781818158594,-1.0692664890007
"TCGA-A8-A0A4-01","BRCA",1.24751230461459,-0.870968294736671,-0.415401802019848,-0.127302812880569,-0.743665481856102,-0.781256017195785
"TCGA-A8-A0A6-01","BRCA",-0.150952294693374,-0.815734586133023,1.19896871640783,0.367432421844018,-1.18316700797704,-1.24297330840543
"TCGA-A8-A0A7-01","BRCA",0.690765948234378,0.908567780488674,1.88031723385411,0.576236481915892,0.332331298572783,0.349129861539969
"TCGA-A8-A0A9-01","BRCA",0.213174997392605,-0.613789639146241,-0.680003017817963,-0.208391722218303,-0.405397916927938,-0.425889825043504
"TCGA-A8-A0AB-01","BRCA",0.168157968853286,-0.811843636311957,-0.142736737723289,-0.0437426802801942,-0.768100956031762,-0.806926646932585
"TCGA-A8-A0AD-01","BRCA",0.635553754806865,0.323027669848042,-0.271732277064657,-0.083274273372363,0.406301943220405,0.426839547731897
"TCGA-AC-A23C-01","BRCA",0.042958497944536,0.242293111624885,0.676263266034118,0.207245648900268,0.0350474627246177,0.0368190292666438
"TCGA-AC-A23E-01","BRCA",1.74020175021513,-0.360796686676035,-0.582651622797217,-0.178557700402007,-0.182238986274027,-0.191450737015374
"TCGA-AC-A23G-01","BRCA",1.29442304737637,-1.26758429489511,-0.404642784782323,-0.124005636143473,-1.14357865875164,-1.20138386154016
"TCGA-AC-A23H-01","BRCA",0.864166819959867,0.251732972442738,2.4877044160135,0.762374568993324,-0.510641596550585,-0.536453324335957
"TCGA-AC-A2B8-01","BRCA",1.16591746441833,0.577900137076049,0.142133068521008,0.0435576815942808,0.534342455481769,0.561352205761085
"TCGA-AC-A2BK-01","BRCA",-0.529396690594535,0.265114000257041,-4.93125663425674,-1.51121838548706,1.7763323857441,1.86612179637357
"TCGA-AC-A2BM-01","BRCA",-1.13041397852212,-0.713050979874546,-1.53889653513914,-0.47160570007834,-0.241445279796206,-0.253649768970729
"TCGA-AC-A2FB-01","BRCA",0.779157682845605,-0.777337572576383,1.23590369474851,0.378751406532069,-1.15608897910845,-1.2145265490714
"TCGA-AC-A2FE-01","BRCA",0.123883983998597,0.400238843932774,0.487677061622253,0.149452076086269,0.250786767846505,0.263463447199606
"TCGA-AC-A2FF-01","BRCA",0.907594356002086,1.36390960236002,0.0579479127016801,0.0177585466688204,1.3461510556912,1.41419581515108
"TCGA-AC-A2FG-01","BRCA",0.030434775432393,0.823012165325159,-0.367204116871111,-0.112532292233013,0.935544457558172,0.982834022358075
"TCGA-AC-A2FK-01","BRCA",0.767607352802844,-0.250418579017443,0.51675044682499,0.158361820093811,-0.408780399111254,-0.429443283719813
"TCGA-AC-A2FM-01","BRCA",-1.04096196301272,0.831915473689882,0.997903213699635,0.305814480025904,0.526100993663978,0.552694157495125
"TCGA-AC-A2FO-01","BRCA",0.190182630976784,0.906282039029228,0.25405188799034,0.0778559934057393,0.828426045623489,0.870301027458869
"TCGA-AC-A2QH-01","BRCA",-0.41099482436996,-0.205074631028333,-3.86849461035948,-1.18552746549846,0.980452834470125,1.03001241175621
"TCGA-AC-A2QI-01","BRCA",0.206594369905359,-0.743040487905368,0.533683198841988,0.163550981409655,-0.906591469315023,-0.952417528877293
"TCGA-AC-A2QJ-01","BRCA",-1.2231160794842,-1.39009205427125,-0.185192178224349,-0.056753449544046,-1.33333860472721,-1.40073572502337
"TCGA-AC-A3BB-01","BRCA",0.541240288307875,0.810170681414671,0.676302697228629,0.207257732868012,0.602912948546659,0.63338877545008
"TCGA-AC-A3EH-01","BRCA",1.14633114729294,-0.132000259466554,1.12591162320777,0.345043560216498,-0.477043819683052,-0.501157259125765
"TCGA-AC-A3HN-01","BRCA",0.666284146778295,0.358751741234347,0.538555404525095,0.165044103214559,0.193707638019788,0.20349910204522
"TCGA-AC-A3OD-01","BRCA",-0.47886295608192,0.579412446827008,0.943867397272304,0.28925482286012,0.290157623966887,0.304824407196603
"TCGA-AC-A3QP-01","BRCA",-0.646965819138018,-0.55334723461372,-0.109264262380059,-0.0334848040636024,-0.519862430550118,-0.546140249736499
"TCGA-AC-A3QQ-01","BRCA",-1.89686633030567,0.189718947049199,0.294013823173616,0.0901026103733253,0.0996163366758735,0.104651707438112
"TCGA-AC-A3TM-01","BRCA",-1.46632566660811,-1.28235754397,-0.0270797738817857,-0.00829878775334825,-1.27405875621665,-1.33845942004854
"TCGA-AC-A3TN-01","BRCA",-1.52591338480966,0.428643689520789,1.02991476301694,0.315624645155047,0.113019044365742,0.118731890376403
"TCGA-AC-A3W5-01","BRCA",0.482215758764569,1.41419589138922,0.446293445502003,0.136769774965616,1.27742611642361,1.34199699236827
"TCGA-AC-A3W6-01","BRCA",0.757626680868241,-0.82216727742963,-0.734208016067744,-0.22500322634715,-0.59716405108248,-0.627349284784302
"TCGA-AC-A3W7-01","BRCA",0.532566010513987,-0.774767111776771,-0.822523562605018,-0.252068148647951,-0.52269896312882,-0.549120162343915
"TCGA-AC-A3YI-01","BRCA",1.47755005800161,-0.64822137467479,-1.04110940391594,-0.319055321836518,-0.329166052838271,-0.345804620102357
"TCGA-AC-A3YJ-01","BRCA",-2.02915222406217,-1.67767936018943,0.443195183534369,0.135820290727457,-1.81349965091689,-1.9051677791002
"TCGA-AC-A4ZE-01","BRCA",-0.880090482653421,0.830683907512391,0.203075212990135,0.0622338317124816,0.768450075799909,0.807293413881222
"TCGA-AC-A5EH-01","BRCA",1.12675643140087,1.16393646737191,-0.480949809889522,-0.147390462332144,1.31132692970405,1.37761141176699
"TCGA-AC-A5XS-01","BRCA",-1.27422867641469,0.843633294870575,0.882684840369356,0.27050499665547,0.573128298215105,0.602098581324731
"TCGA-AC-A5XU-01","BRCA",-0.739538758454109,-1.09899604976284,-1.05512920108493,-0.323351787588347,-0.775644262174497,-0.814851249401498
"TCGA-AC-A62V-01","BRCA",-1.0441586474347,1.04690253945751,0.554594558072359,0.169959414975032,0.876943124482473,0.921270530172293
"TCGA-AC-A62X-01","BRCA",-0.16934712912968,0.0644553540586583,-0.127608158929781,-0.0391064205770961,0.103561774635754,0.108796577977129
"TCGA-AC-A62Y-01","BRCA",-1.09421660358131,0.582458112590836,0.863503277474321,0.264626671380736,0.317831441210101,0.333897070601761
"TCGA-AC-A6IV-01","BRCA",0.855513290671197,2.94214720302717,1.57615245703848,0.483023040184191,2.45912416284298,2.58342708667548
"TCGA-AC-A6IW-01","BRCA",-1.50776240016284,0.472142212970359,-0.319472155692685,-0.0979044959818318,0.570046708952191,0.598861224995957
"TCGA-AC-A6IX-01","BRCA",-0.321394572793883,1.88732262039065,1.11063687255876,0.34036250511704,1.54696011527361,1.62515529886225
"TCGA-AC-A6NO-01","BRCA",-0.566483752264169,-0.39431587005756,-1.01932903013295,-0.312380572630609,-0.0819352974269513,-0.0860769333756953
"TCGA-AC-A7VB-01","BRCA",-1.28571841763839,-0.368437195828324,-0.103191470509459,-0.0316237541514295,-0.336813441676894,-0.353838566401838
"TCGA-AC-A7VC-01","BRCA",0.244741667513189,-1.66152928856827,-2.20733371577988,-0.676452989896927,-0.985076298671339,-1.03486958116318
"TCGA-AC-A8OP-01","BRCA",-0.236323884284553,0.776103892529681,0.28452382674561,0.0871943340162236,0.688909558513457,0.723732311131356
"TCGA-AC-A8OQ-01","BRCA",1.33118178023209,1.08722830588673,-0.894946190973446,-0.274262574051682,1.36149087993841,1.43031103131782
"TCGA-AC-A8OR-01","BRCA",-0.434846493284725,-2.49318492193816,-0.542118665200799,-0.166136089587362,-2.3270488323508,-2.44467565987454
"TCGA-AC-A8OS-01","BRCA",0.0293657559547996,1.50196027896122,-0.36419416362684,-0.111609870826145,1.61357014978737,1.69513231344629
"TCGA-AN-A03X-01","BRCA",0.92558418623295,0.364960726323412,-0.26743254630401,-0.0819565905462463,0.446917316869659,0.469507932682261
"TCGA-AN-A03Y-01","BRCA",-0.820574942960761,-0.653281059976515,0.0701715931148293,0.0215045797692561,-0.674785639745771,-0.708894461597049
"TCGA-AN-A041-01","BRCA",1.08674829943161,-0.395985477697308,0.550947994314753,0.168841899785078,-0.564827377482386,-0.593378068635994
"TCGA-AN-A046-01","BRCA",-0.415056033719566,-0.0478051451359242,0.544442366910783,0.166848204370057,-0.214653349505981,-0.225503569823115
"TCGA-AN-A049-01","BRCA",0.435843070701869,0.151914916453927,2.35360946960436,0.721280226629021,-0.569365310175094,-0.59814538311852
"TCGA-AN-A04A-01","BRCA",2.12866698810455,-0.736795577537554,0.70663644514089,0.216553723919722,-0.953349301457276,-1.00153885910361
"TCGA-AN-A04C-01","BRCA",-1.91271005132993,-0.0201527501690713,0.705842435557652,0.216310394081217,-0.236463144250288,-0.248415798228913
"TCGA-AN-A04D-01","BRCA",-1.93530143191895,0.727102248772315,-0.966680786495957,-0.296246146935724,1.02334839570804,1.07507624239747
"TCGA-AN-A0AJ-01","BRCA",0.0449739734650423,-0.0298284952671651,1.57366807268937,0.482261683073125,-0.51209017834029,-0.537975128517028
"TCGA-AN-A0AK-01","BRCA",-1.28844189305637,0.349854857776706,-1.4014010784463,-0.429469247347061,0.779324105123767,0.818717099728821
"TCGA-AN-A0AL-01","BRCA",0.574864935435036,-0.259821503016444,-1.04745922047776,-0.32100126791972,0.0611797649032754,0.0642722576581229
"TCGA-AN-A0AM-01","BRCA",-0.277408959456325,1.78712004193376,0.51329547189865,0.157303018652854,1.6298170232809,1.71220042805847
"TCGA-AN-A0AR-01","BRCA",-0.906905527747559,0.413001872230879,-2.43721794507978,-0.74690263379462,1.1599045060255,1.21853494187091
"TCGA-AN-A0AS-01","BRCA",0.788867802357298,0.132650764065539,-0.302697238488685,-0.0927637042579533,0.225414468323493,0.236808637804697
"TCGA-AN-A0AT-01","BRCA",0.0657135986495006,0.417142709310096,-1.12382855383923,-0.344405188912494,0.76154789822259,0.800042347513888
"TCGA-AN-A0FD-01","BRCA",0.261349261551327,-1.42317870982354,0.665862929406506,0.204058392366564,-1.6272371021901,-1.70949009804417
"TCGA-AN-A0FF-01","BRCA",-0.111742440353391,0.267275575283963,-0.0363198890874973,-0.0111304862469705,0.278406061530934,0.292478831008737
"TCGA-AN-A0FJ-01","BRCA",0.525405774638844,-1.4233201617702,-1.3722021241303,-0.420521021798873,-1.00279913997133,-1.05348827027171
"TCGA-AN-A0FK-01","BRCA",-0.0814287232843156,-1.58094063931786,-0.525803373441204,-0.16113615332357,-1.41980448599429,-1.49157225256186
"TCGA-AN-A0FL-01","BRCA",-1.61049659882765,-0.0756709934428426,0.349050595295723,0.106969017473496,-0.182640010916338,-0.191872032507088
"TCGA-AN-A0FN-01","BRCA",1.67087374165233,-0.666686267738622,-0.176540674930333,-0.0541021353234086,-0.612584132415213,-0.643548814842869
"TCGA-AN-A0FS-01","BRCA",-0.122644385531475,0.177211710837281,0.0560168952031145,0.0171667727330942,0.160044938104186,0.168134832080074
"TCGA-AN-A0FT-01","BRCA",-0.970484465608724,-0.945107128471378,0.65585865504435,0.200992511908322,-1.1460996403797,-1.20403227284095
"TCGA-AN-A0FV-01","BRCA",1.39604333139725,1.22696888944014,1.8875902994998,0.578465364194351,0.648503525245785,0.681283848224899
"TCGA-AN-A0FW-01","BRCA",-0.279864282582568,0.573149361121918,-0.363106164325844,-0.111276445764541,0.684425806886459,0.719021916439564
"TCGA-AN-A0FX-01","BRCA",1.70458831127118,1.05478908773634,-0.778925796209499,-0.238707305554655,1.29349639329099,1.35887958381155
"TCGA-AN-A0FY-01","BRCA",0.503079944754507,-0.328283133650593,-0.407402466092783,-0.124851359950562,-0.203431773700031,-0.213714769838832
"TCGA-AN-A0FZ-01","BRCA",0.287555398995605,1.53297508670333,0.415051674490385,0.127195513829023,1.40577957287431,1.47683841317713
"TCGA-AN-A0G0-01","BRCA",0.469049294490264,0.140403476991126,-3.51121109140564,-1.07603541048682,1.21643888747794,1.2779270029061
"TCGA-AN-A0XL-01","BRCA",0.5664708646896,1.41587576044863,0.219466168487806,0.0672569556626135,1.34861880478601,1.41678830313968
"TCGA-AN-A0XN-01","BRCA",1.60794056440457,-0.0982217596596758,0.162971226750441,0.0499436821964893,-0.148165441856165,-0.155654855327815
"TCGA-AN-A0XO-01","BRCA",1.11982720964323,-0.413368683520246,0.834007431466949,0.25558746127916,-0.668956144799406,-0.702770299436539
"TCGA-AN-A0XP-01","BRCA",0.0316298657270287,-0.485710059466595,0.408120738212568,0.125071479509065,-0.61078153897566,-0.641655104558382
"TCGA-AN-A0XR-01","BRCA",-0.646238656372633,-1.44410078020288,-1.53030122049903,-0.468971605267101,-0.975129174935782,-1.02441965379422
"TCGA-AN-A0XS-01","BRCA",0.67592730800817,0.168563558544353,1.20614149543428,0.369630570580489,-0.201067012036136,-0.211230475052766
"TCGA-AN-A0XT-01","BRCA",-0.27478760745482,-0.494854395017791,-0.997473670499143,-0.305682843481694,-0.189171551536097,-0.19873372709322
"TCGA-AN-A0XU-01","BRCA",-0.165171624073967,-0.72219483900434,-0.999469164920996,-0.306294376825445,-0.415900462178895,-0.436923249174879
"TCGA-AN-A0XV-01","BRCA",-0.312458510886202,-1.04507989750401,0.326426574913916,0.10003572681547,-1.14511562431948,-1.2029985170908
"TCGA-AN-A0XW-01","BRCA",1.046197910667,-0.616140101789643,1.56540454151064,0.479729265644352,-1.09586936743399,-1.15126297812221
"TCGA-AO-A03L-01","BRCA",0.519595049799487,-0.199990264751257,-2.30839173312803,-0.707422932275602,0.507432667524345,0.533082191519294
"TCGA-AO-A03M-01","BRCA",0.630495505375824,0.565915990939048,1.17455620894678,0.359951036702817,0.205964954236231,0.216375996673792
"TCGA-AO-A03N-01","BRCA",-0.853216438454709,-1.79549929710649,-2.16888651731267,-0.664670574682417,-1.13082872242407,-1.18798944601624
"TCGA-AO-A03O-01","BRCA",-0.0585508862876843,0.187156334604581,1.24978001326557,0.383003902238779,-0.195847567634198,-0.205747200052217
"TCGA-AO-A03P-01","BRCA",-0.631623743506019,-0.546146615756829,-0.184970994020379,-0.0566856660842893,-0.48946094967254,-0.51420204573651
"TCGA-AO-A03R-01","BRCA",-0.782548154676649,0.706085665811575,-0.737232646459979,-0.225930145669559,0.932015811481134,0.979127011548107
"TCGA-AO-A03T-01","BRCA",-0.705261736907288,-0.502498823132876,-0.0449453336524277,-0.0137738145862361,-0.48872500854664,-0.513428904523237
"TCGA-AO-A03U-01","BRCA",1.23103791307887,1.08061143833715,1.39154360135881,0.426448353949292,0.654163084387858,0.687229484727193
"TCGA-AO-A03V-01","BRCA",0.473513485686521,0.0494493767198408,-0.20180791929749,-0.0618454606196385,0.111294837339479,0.116920528753436
"TCGA-AO-A0J2-01","BRCA",-1.36546150453022,0.694020676010954,0.0811694367077535,0.0248749465278791,0.669145729483075,0.70296946717862
"TCGA-AO-A0J3-01","BRCA",-3.08361379057334,-1.64933202683035,0.655026054409716,0.200737355569857,-1.85006938240021,-1.94358602421933
"TCGA-AO-A0J4-01","BRCA",2.16762827311428,0.815731697918168,-0.796896811477272,-0.244214649968625,1.05994634788679,1.11352413470159
"TCGA-AO-A0J5-01","BRCA",1.71458549940298,1.84291850590376,0.705894923742097,0.216326479455643,1.62659202644812,1.70881241524556
"TCGA-AO-A0J6-01","BRCA",-0.741084472387666,-0.011275511285182,-0.131190233749571,-0.0402041726770885,0.0289286613919065,0.0303909369646117
"TCGA-AO-A0J7-01","BRCA",-0.504470541527626,-0.98600271900931,-0.643900305488039,-0.197327791320868,-0.788674927688442,-0.828540584309749
"TCGA-AO-A0J8-01","BRCA",0.0502403973962484,-0.463448469188572,0.663508080291007,0.203336732241705,-0.666785201430277,-0.700489620002703
"TCGA-AO-A0J9-01","BRCA",1.18008171184605,0.859742591842064,1.10353044675765,0.338184690794595,0.521557901047469,0.547921422266825
"TCGA-AO-A0JA-01","BRCA",0.948166537011636,0.400161211449417,0.936409554155435,0.286969314222019,0.113191897227398,0.118913480542348
"TCGA-AO-A0JB-01","BRCA",-1.19883444560189,0.0893143775781202,-1.14180431611502,-0.349913988080562,0.439228365658682,0.461430323130575
"TCGA-AO-A0JC-01","BRCA",-0.454430761716253,-1.70082439084366,-1.08526889646363,-0.332588309872112,-1.36823608097154,-1.43739718634707
"TCGA-AO-A0JD-01","BRCA",-0.490440450788467,-0.260122329660453,-0.13217457562455,-0.0405058311891887,-0.219616498471264,-0.230717594257446
"TCGA-AO-A0JE-01","BRCA",1.03019707017254,0.794768845175467,0.288771842559147,0.0884961684319504,0.706272676743516,0.741973094017579
"TCGA-AO-A0JF-01","BRCA",0.878965532251998,1.41285472259477,0.68559147679416,0.210104344898027,1.20275037769674,1.26354657125514
"TCGA-AO-A0JG-01","BRCA",-0.909530631281587,-0.0524468241591776,0.41999320024254,0.128709879258138,-0.181156703417315,-0.190313747314032
"TCGA-AO-A0JI-01","BRCA",-1.56984313469755,-1.11335471821206,-0.30343444176252,-0.0929896254021747,-1.02036509280989,-1.07194214057728
"TCGA-AO-A0JJ-01","BRCA",-0.121183371078236,0.33058962554398,-0.297622196110311,-0.091208421716776,0.421798047260756,0.443118943266567
"TCGA-AO-A0JL-01","BRCA",-1.03594471957794,-0.805683805766664,-3.32032016862037,-1.01753554046755,0.211851734700882,0.222560340000365
"TCGA-AO-A0JM-01","BRCA",0.583235481990138,-0.613466868401223,-1.07747281289827,-0.33019914506229,-0.283267723338933,-0.297586238349455
"TCGA-AO-A124-01","BRCA",0.829598217386196,-0.355763060671467,-0.480237611214786,-0.147172204023723,-0.208590856647743,-0.219134632256074
"TCGA-AO-A125-01","BRCA",-1.98174613355812,-1.24698022084544,-1.33468088896673,-0.409022374571414,-0.837957846274023,-0.880314638140859
"TCGA-AO-A126-01","BRCA",-0.261769242739226,-1.03108017636935,-0.244076117813857,-0.0747988482562928,-0.956281328113053,-1.00461909278837
"TCGA-AO-A128-01","BRCA",0.502308223980943,-0.160432893075686,0.655517932073828,0.200888094950211,-0.361320988025897,-0.37958491139028
"TCGA-AO-A129-01","BRCA",-0.195076794653074,0.0674581743371129,-0.939411066382806,-0.287889148819706,0.355347323156819,0.373309291857651
"TCGA-AO-A12A-01","BRCA",0.834922723739425,0.191625802689383,0.406363021835468,0.124532814924648,0.0670929877647342,0.0704843799822678
"TCGA-AO-A12B-01","BRCA",-2.33704315121385,-0.904030926004932,-0.62172464231397,-0.190531902892305,-0.713499023112627,-0.749564715144215
"TCGA-AO-A12D-01","BRCA",0.822542750230943,0.00454191734497357,1.00486113950571,0.307946785477207,-0.303404868132234,-0.318741268296042
"TCGA-AO-A12E-01","BRCA",0.404779406614722,3.21455947499044,1.01285479697053,0.310396498202397,2.90416297678804,3.05096156254286
"TCGA-AO-A12F-01","BRCA",0.649708388298252,0.21362207184504,-1.54309763251729,-0.472893156008532,0.686515227853572,0.721216952706325
"TCGA-AO-A12G-01","BRCA",0.0759001067669193,-0.038150850644979,0.282279328322912,0.0865064916396956,-0.124657342284675,-0.130958476793174
"TCGA-AO-A12H-01","BRCA",-0.732261549163108,-1.28867246963957,0.638315720539581,0.195616355864276,-1.48428882550384,-1.55931612327507
"TCGA-AO-A1KO-01","BRCA",-0.0928809901027935,2.19559274482665,0.117812949306143,0.0361046094829196,2.15948813534373,2.26864516501339
"TCGA-AO-A1KP-01","BRCA",-1.82554631677237,-2.92513377129336,-1.25724606270886,-0.385291925763506,-2.53984184552986,-2.6682248577591
"TCGA-AO-A1KQ-01","BRCA",-1.36867952429731,0.174622277837691,-1.40633990264945,-0.430982784867424,0.605605062705116,0.63621696962688
"TCGA-AO-A1KR-01","BRCA",-1.86917152063427,0.0618056909195068,-2.70002341544385,-0.827441224275143,0.889246915194649,0.934196248472696
"TCGA-AO-A1KS-01","BRCA",-1.1911919309181,-0.576104039141155,-0.197483077377074,-0.0605200823014518,-0.515583956839703,-0.541645509275597
"TCGA-AO-A1KT-01","BRCA",0.771195301120107,0.063001352729201,0.838526065951111,0.256972228695709,-0.193970875966508,-0.203775646049005
"TCGA-AQ-A04H-01","BRCA",0.787564770864161,-0.310540473390329,0.581209057955358,0.178115616228953,-0.488656089619282,-0.513356501906724
"TCGA-AQ-A04J-01","BRCA",1.29061940262956,-0.483491253709765,-0.575311580960377,-0.176308292797256,-0.307182960912509,-0.322710334751496
"TCGA-AQ-A04L-01","BRCA",0.0242747661642679,1.27783156387115,-0.557054963083617,-0.170713423448841,1.44854498731999,1.52176551841291
"TCGA-AQ-A0Y5-01","BRCA",1.17593263467673,0.805175984231508,1.57522907737768,0.482740063972715,0.322435920258793,0.338734295201543
"TCGA-AQ-A1H2-01","BRCA",-1.58852101140803,-0.534463962719046,0.284073737529241,0.0870564010004968,-0.621520363719543,-0.65293675155352
"TCGA-AQ-A1H3-01","BRCA",0.776566604086775,1.46534405786369,0.193356607712231,0.0592554965604981,1.40608856130319,1.477163020242
"TCGA-AQ-A54N-01","BRCA",-1.30756850778677,-1.6741478722263,-2.90062882210541,-0.888918166413797,-0.785229705812501,-0.824921214597395
"TCGA-AQ-A54O-01","BRCA",-2.70829383216691,-1.42764720743596,-0.350080279594105,-0.107284571491137,-1.32036263594483,-1.3871038516374
"TCGA-AQ-A7U7-01","BRCA",0.103491691492883,-1.23775355689499,-0.939139939769791,-0.287806060156355,-0.949947496738635,-0.997965101183408
"TCGA-AR-A0TP-01","BRCA",1.67223068781369,0.0920307390662067,-0.72634622878726,-0.22259392617029,0.314624665236497,0.330528199669466
"TCGA-AR-A0TQ-01","BRCA",0.746176911713795,1.70122908133361,0.0887308574791583,0.0271921972689517,1.67403688406466,1.75865549846277
"TCGA-AR-A0TR-01","BRCA",-2.19102907664439,-1.58471950275193,0.0568198170302436,0.017412833791616,-1.60213233654354,-1.68311634573189
"TCGA-AR-A0TS-01","BRCA",2.11072494478478,-0.442894888809449,-0.281437107653323,-0.0862483871736495,-0.356646501635799,-0.374674140743175
"TCGA-AR-A0TT-01","BRCA",0.0171618949228147,-0.0950825320583019,1.36498181758133,0.418308307917818,-0.51339083997612,-0.539341535529482
"TCGA-AR-A0TU-01","BRCA",-2.3048563011561,-0.300924433956695,-2.27928013726035,-0.698501478340213,0.397577044383517,0.417673625846253
"TCGA-AR-A0TV-01","BRCA",-0.635522455442247,-0.946481510952193,0.480150124731212,0.147145393173617,-1.09362690412581,-1.14890716358516
"TCGA-AR-A0TW-01","BRCA",-0.653791527088043,-0.151069457614649,3.48918353574294,1.06928491065001,-1.22035436826466,-1.28204040200754
"TCGA-AR-A0TX-01","BRCA",-0.194140448357837,1.80433892617976,0.579109016500205,0.17747204370927,1.62686688247049,1.70910116459131
"TCGA-AR-A0TY-01","BRCA",-0.115432597134109,-0.604356981513045,-0.498915940512481,-0.15289630981225,-0.451460671700795,-0.47428094337952
"TCGA-AR-A0TZ-01","BRCA",-0.0846976217984515,-1.14518199677764,-1.77687095578606,-0.544534640190471,-0.600647356587169,-0.631008663162975
"TCGA-AR-A0U0-01","BRCA",-0.459038486537032,0.553725785660235,-0.302041191361302,-0.0925626539873673,0.646288439647602,0.678956795276488
"TCGA-AR-A0U1-01","BRCA",-0.186760016553937,0.0537773164328161,-0.487319879395712,-0.149342615073032,0.203119931505848,0.213387164757561
"TCGA-AR-A0U2-01","BRCA",-2.07256326971207,-0.930481938522133,-0.550280001910462,-0.168637188800109,-0.761844749722023,-0.80035420415616
"TCGA-AR-A0U3-01","BRCA",-0.790206592389926,-0.320921550478089,0.868336311651616,0.266107788801329,-0.587029339279417,-0.616702287213666
"TCGA-AR-A0U4-01","BRCA",0.150049519272217,0.124665618255913,-0.233860760827452,-0.0716682800386653,0.196333898294579,0.206258113579924
"TCGA-AR-A1AH-01","BRCA",-1.16122740666616,-1.17098479253044,-2.43855448713674,-0.747312226537256,-0.423672565993185,-0.445088214497768
"TCGA-AR-A1AI-01","BRCA",1.16792868556526,-0.203772900747302,-0.997793791733949,-0.305780946892549,0.102008046145247,0.107164312177636
"TCGA-AR-A1AJ-01","BRCA",0.679475866130257,0.468037484820717,0.786648702225704,0.241074044588272,0.226963440232445,0.238435906588661
"TCGA-AR-A1AK-01","BRCA",0.368073814640301,0.391070401911365,0.333201420259936,0.102111925968159,0.288958475943206,0.303564645069859
"TCGA-AR-A1AL-01","BRCA",0.983936224383491,-1.36394937146491,-1.00630292228688,-0.308388629982244,-1.05556074148267,-1.1089168462421
"TCGA-AR-A1AM-01","BRCA",-0.197680143742417,0.984475558354706,0.539797715637273,0.165424818219366,0.819050740135341,0.860451822400456
"TCGA-AR-A1AN-01","BRCA",0.787313912935548,2.27580290608301,0.711583411274961,0.218069756592258,2.05773314949075,2.16174670472866
"TCGA-AR-A1AO-01","BRCA",0.566307316350552,1.44202569885629,2.17056622644383,0.665185333395978,0.776840365460311,0.816107812886059
"TCGA-AR-A1AP-01","BRCA",0.533405638882737,0.943296269196635,1.16400431750122,0.356717335125938,0.586578934070697,0.61622911508443
"TCGA-AR-A1AQ-01","BRCA",0.00778785644190768,-0.168227371029878,-1.49034547881522,-0.456726886341122,0.288499515311244,0.303082485060924
"TCGA-AR-A1AR-01","BRCA",0.393835140181589,0.479205881470591,0.0819967532747986,0.0251284835265522,0.454077397944039,0.477029938959879
"TCGA-AR-A1AS-01","BRCA",0.530617426286916,-0.0600838851136928,0.894899478866951,0.274248258797094,-0.334332143910787,-0.351231844888574
"TCGA-AR-A1AT-01","BRCA",0.251699197227631,1.06576453105259,-0.0514937553990683,-0.0157806246294814,1.08154515568207,1.13621471126593
"TCGA-AR-A1AU-01","BRCA",1.32417356541404,2.18966005972161,1.44668881572394,0.443347993939895,1.74631206578172,1.83458402007364
"TCGA-AR-A1AV-01","BRCA",0.621090602453379,0.17762809059775,0.274149199428123,0.0840149562819872,0.0936131343157626,0.0983450573639755
"TCGA-AR-A1AW-01","BRCA",-0.124677470939026,-0.0183887525081695,-0.154343825476422,-0.0472997542099187,0.0289110017017492,0.0303723846187871
"TCGA-AR-A1AX-01","BRCA",0.694758232774649,-0.480354066447708,-0.656513916642851,-0.20119332144804,-0.279160744999668,-0.293271661946049
"TCGA-AR-A1AY-01","BRCA",1.33263185651976,0.147619010762154,-1.91806149591816,-0.587803477310449,0.735422488072603,0.772596359526866
"TCGA-AR-A24H-01","BRCA",-1.37127873821169,-0.0338308404181872,-0.192646335680567,-0.059037828685439,0.0252069882672519,0.0264811420452411
"TCGA-AR-A24K-01","BRCA",-0.873771458034458,-0.652939439170981,-2.20473813126148,-0.675657554709467,0.0227181155384858,0.0238664626728304
"TCGA-AR-A24L-01","BRCA",0.615991400866959,-0.241372961953973,0.387257785692565,0.118677880521589,-0.360050842475562,-0.378250562979437
"TCGA-AR-A24M-01","BRCA",0.529690845329019,-1.22263500656721,0.0244742943549847,0.00750032017075308,-1.23013532673796,-1.29231576485232
"TCGA-AR-A24N-01","BRCA",0.402311038710376,0.105018925668902,-0.275240073467125,-0.0843492623273342,0.189368187996236,0.198940303062432
"TCGA-AR-A24O-01","BRCA",0.904213642944847,0.562433809532458,0.66939637125039,0.205141240547986,0.357292568984472,0.375352865271851
"TCGA-AR-A24P-01","BRCA",0.544082859755955,-1.18376378118748,0.322731324182045,0.0989032911587664,-1.28266707234624,-1.34750286624613
"TCGA-AR-A24Q-01","BRCA",2.2092871641941,-0.381033485653508,-1.46658579272395,-0.449445562914331,0.0684120772608235,0.0718701463398342
"TCGA-AR-A24R-01","BRCA",-0.363723450732401,0.566789905158841,0.866520048944786,0.265551182281123,0.301238722877718,0.316465629510191
"TCGA-AR-A24S-01","BRCA",1.08427805216202,0.103854025500925,0.868569869399457,0.2661793642209,-0.162325338719975,-0.170530501566111
"TCGA-AR-A24T-01","BRCA",0.869779563908672,-0.459703136109165,0.244100391918935,0.0748062872270472,-0.534509423336212,-0.56152761344659
"TCGA-AR-A24U-01","BRCA",1.62627378872319,2.56611669069175,1.90732471723188,0.584513115734276,1.98160357495748,2.08176895983962
"TCGA-AR-A24V-01","BRCA",1.24463431736212,0.0229616026058973,0.152266897027905,0.0466632648341812,-0.0237016622282839,-0.024899725327001
"TCGA-AR-A24W-01","BRCA",0.69313021030306,-0.133548541552978,0.613267860109087,0.187940262323185,-0.321488803876163,-0.337739304320606
"TCGA-AR-A24X-01","BRCA",0.716381679758934,0.41550425828729,-0.932997697360481,-0.285923726636622,0.701427984923912,0.736883514458127
"TCGA-AR-A24Z-01","BRCA",-1.09525662233764,-0.00832199192348859,-0.182430898659756,-0.0559072359407032,0.0475852440172146,0.0499905658191787
"TCGA-AR-A250-01","BRCA",0.958458491538009,-0.0242353808679339,-0.252651590228967,-0.0774268622776933,0.0531914814097593,0.0558801852833251
"TCGA-AR-A251-01","BRCA",0.672728888468161,1.54571017731365,-0.431897231967609,-0.132357953762996,1.67806813107665,1.762890515499
"TCGA-AR-A252-01","BRCA",-0.204279034434254,0.894208563497136,1.03906158446578,0.318427753118689,0.575780810378447,0.604885171719008
"TCGA-AR-A254-01","BRCA",1.08525261222256,0.838328635369071,0.260430320258516,0.0798107089740369,0.758517926395034,0.796859217760031
"TCGA-AR-A255-01","BRCA",0.500474394947978,0.93786591482977,0.898929003765183,0.275483135130376,0.662382779699393,0.695864666241366
"TCGA-AR-A256-01","BRCA",0.158395934607076,0.516533235023819,-0.506215657778014,-0.155133359667635,0.671666594691454,0.705617756174997
"TCGA-AR-A2LE-01","BRCA",-0.156831728719516,-0.360106601941837,-0.889864982338005,-0.272705401817523,-0.0874012001243137,-0.0918191245569546
"TCGA-AR-A2LH-01","BRCA",0.622653393037971,0.140519346565987,-0.74712649158063,-0.228962184307666,0.369481530873653,0.388157950423208
"TCGA-AR-A2LJ-01","BRCA",-0.900104022460971,2.66062687893023,2.02601355989935,0.620886148917187,2.03974073001304,2.14284481090164
"TCGA-AR-A2LK-01","BRCA",0.352523699858618,-1.00273736958477,0.114479488264021,0.0350830468290593,-1.03782041641383,-1.09027978960146
"TCGA-AR-A2LM-01","BRCA",0.724857525112535,-0.358013445553929,-0.378568159675074,-0.116014883323387,-0.241998562230542,-0.254231018526584
"TCGA-AR-A2LN-01","BRCA",0.696322638129151,0.326049301892041,-0.313432319744578,-0.0960535456446101,0.422102847536651,0.443439150477195
"TCGA-AR-A2LO-01","BRCA",0.137235777226931,-0.0512716663524959,-0.962710974936437,-0.295029570176366,0.24375790382387,0.256079290686076
"TCGA-AR-A2LQ-01","BRCA",1.4327654674522,3.35461592425818,0.153035136572369,0.0468986972624972,3.30771722699568,3.47491452786371
"TCGA-AR-A5QM-01","BRCA",0.0181256128241651,0.428672179569888,0.371236945883163,0.113768181135286,0.314903998434602,0.330821652501614
"TCGA-AR-A5QN-01","BRCA",-0.30156837261984,1.40092449395583,0.166864991072476,0.0511369537434081,1.34978754021243,1.41801611538413
"TCGA-AR-A5QP-01","BRCA",-0.53898952314315,-0.764228007112357,0.251123552552089,0.0769585843513383,-0.841186591463696,-0.883706588781256
"TCGA-AR-A5QQ-01","BRCA",0.666522870181509,0.671165534286297,0.145669157426023,0.0446413409862605,0.626524193300036,0.658193512912169
"TCGA-B6-A0I1-01","BRCA",-0.793384576564159,0.126491420279409,-0.363329648371978,-0.111344934027154,0.237836354306563,0.249858420813278
"TCGA-B6-A0I2-01","BRCA",-1.26195131294502,-1.10488415747326,-2.51110317571349,-0.76954528398118,-0.335338873492083,-0.352289462274706
"TCGA-B6-A0I5-01","BRCA",-0.355335121291108,-0.697571378043507,-1.32894693429547,-0.40726516370947,-0.290306214334037,-0.304980508456196
"TCGA-B6-A0I6-01","BRCA",0.918946930665609,-0.214325467964187,-1.69022583450631,-0.517981631494655,0.303656163530468,0.319005266083696
"TCGA-B6-A0I8-01","BRCA",-0.415473437129759,-0.0493767588151803,-0.227722859409026,-0.0697872768462141,0.0204105180310338,0.0214422215564306
"TCGA-B6-A0I9-01","BRCA",-0.537387349767191,0.680539708859288,0.0877122599459882,0.0268800408687261,0.653659667990562,0.686700621818884
"TCGA-B6-A0IA-01","BRCA",-0.863615296290105,0.20051431798612,1.59656739641128,0.489279342381985,-0.288765024395865,-0.303361415003272
"TCGA-B6-A0IB-01","BRCA",-0.681594943417283,0.136231729255795,1.12358582585072,0.344330803207973,-0.208099073952178,-0.218617991105668
"TCGA-B6-A0IC-01","BRCA",-1.03111340862522,-1.00002867788187,-0.615306783092484,-0.188565104656009,-0.811463573225866,-0.85248114210654
"TCGA-B6-A0IE-01","BRCA",-1.1287704703618,-1.62311718460978,-1.4925427152503,-0.457400244948111,-1.16571693966167,-1.22464118031225
"TCGA-B6-A0IG-01","BRCA",-0.393354520973989,0.0501749486512008,0.722618163632833,0.22145143430229,-0.171276485651089,-0.179934107853284
"TCGA-B6-A0IH-01","BRCA",0.319716207222438,-1.0163624889804,-0.214917811070966,-0.0658630794436501,-0.950499409536747,-0.998544911871159
"TCGA-B6-A0IJ-01","BRCA",0.784638870792367,-0.686631845278382,-1.06566521457699,-0.326580623254361,-0.360051222024021,-0.378250961713175
"TCGA-B6-A0IK-01","BRCA",0.525688467122605,0.733517059541219,2.44100135583913,0.748062086713714,-0.0145450271724943,-0.0152802439753229
"TCGA-B6-A0IM-01","BRCA",0.06174530069738,-0.833419730674617,0.65933025647241,0.202056408658031,-1.03547613933265,-1.08781701484543
"TCGA-B6-A0IN-01","BRCA",-0.190180175657912,1.46852942054331,2.49174062199532,0.763611492791808,0.704917927751505,0.740549865660715
"TCGA-B6-A0IO-01","BRCA",-0.212222073357214,-0.737139810063537,1.05250587216596,0.322547849933597,-1.05968765999713,-1.11325237074951
"TCGA-B6-A0IP-01","BRCA",0.176506494300923,0.354504457864317,-0.618356118681335,-0.189499595060215,0.544004052924532,0.571502174156879
"TCGA-B6-A0IQ-01","BRCA",0.126891429606748,-0.431769380863456,-2.32811320202288,-0.713466715553006,0.28169733468955,0.295936470259367
"TCGA-B6-A0RE-01","BRCA",-0.0674059852688034,0.461163983171201,-0.866231257138704,-0.265462679994729,0.72662666316593,0.763355926425967
"TCGA-B6-A0RG-01","BRCA",0.237130690544184,0.777087185209985,1.22026710644134,0.373959463729512,0.403127721480472,0.423504876572969
"TCGA-B6-A0RH-01","BRCA",0.0972400548840248,-0.923919228644153,0.190020097278493,0.0582329993990631,-0.982152228043216,-1.0317977056645
"TCGA-B6-A0RI-01","BRCA",1.7070559940424,0.855517651940022,-0.204043509851142,-0.0625305731168527,0.918048225056875,0.964453396588303
"TCGA-B6-A0RL-01","BRCA",-2.17864173416823,-0.960596613235706,-1.17476936047509,-0.360016358492447,-0.600580254743259,-0.630938169479189
"TCGA-B6-A0RM-01","BRCA",-1.64543589821643,-1.65049061617994,-0.962750741512972,-0.295041756924297,-1.35544885925565,-1.42396360074642
"TCGA-B6-A0RN-01","BRCA",-0.178679608051595,-0.503518113848319,-0.184348319131286,-0.0564948429715675,-0.447023270876751,-0.469619242414401
"TCGA-B6-A0RO-01","BRCA",-1.39637447380213,-0.340873383663335,2.07508980636903,0.635925910879779,-0.976799294543114,-1.02617419400686
"TCGA-B6-A0RP-01","BRCA",-0.330535139079951,-0.332119609632072,0.0203533877433118,0.00623743926669029,-0.338357048898762,-0.355460199326445
"TCGA-B6-A0RQ-01","BRCA",0.597985712193615,-0.25615319093451,0.4328778965961,0.132658485356967,-0.388811676291477,-0.4084651890801
"TCGA-B6-A0RS-01","BRCA",0.424811812457995,1.21427921554108,0.600331861016114,0.183975934137923,1.03030328140315,1.08238268115358
"TCGA-B6-A0RT-01","BRCA",-0.101722900595569,-0.570615864134045,-0.563904768261573,-0.172812594570867,-0.397803269563178,-0.41791128617494
"TCGA-B6-A0RU-01","BRCA",0.50752024370909,0.705936918291365,-0.634245557736464,-0.194369025758341,0.900305944049706,0.945814285141267
"TCGA-B6-A0RV-01","BRCA",-0.963722414001256,-0.726236457725255,-1.26037302184323,-0.386250204450869,-0.339986253274385,-0.357171756138952
"TCGA-B6-A0WS-01","BRCA",0.0817748979578788,-0.744310295467969,0.372755212756752,0.11423346473004,-0.858543760198009,-0.901941121438762
"TCGA-B6-A0WT-01","BRCA",0.188225255074636,-0.284134954567119,-1.05866703941078,-0.324435983102686,0.0403010285355667,0.0423381504329159
"TCGA-B6-A0WV-01","BRCA",0.457313223267289,-0.357233111100442,0.894118816059736,0.274009019172262,-0.631242130272704,-0.663149930466265
"TCGA-B6-A0WW-01","BRCA",0.0145157976532901,-0.883851685932781,0.0458007984385748,0.0140359778052382,-0.897887663738019,-0.943273766466047
"TCGA-B6-A0WX-01","BRCA",0.649580610725802,-1.20742438678717,-0.534702100184628,-0.163863230914436,-1.04356115587273,-1.09631070989405
"TCGA-B6-A0WY-01","BRCA",0.887260593834343,-0.434683037821688,0.632974941519623,0.193979636454518,-0.628662674276206,-0.660440089055681
"TCGA-B6-A0WZ-01","BRCA",-0.428074276049699,0.48779935712086,-0.530128759531621,-0.162461698406493,0.650261055527353,0.683130217515095
"TCGA-B6-A0X0-01","BRCA",-0.94244996144079,-1.02063718064879,-1.25991795233257,-0.386110745188821,-0.634526435459968,-0.666600249531033
"TCGA-B6-A0X1-01","BRCA",-0.651676039847866,-1.17823496733638,0.282869676873098,0.0866874081177977,-1.26492237545417,-1.32886121679691
"TCGA-B6-A0X4-01","BRCA",-1.77624880877987,-1.64939055609536,0.806528137400692,0.247166237746673,-1.89655679384203,-1.9924232646169
"TCGA-B6-A0X5-01","BRCA",-1.75774188675838,-1.45361622167575,-1.09073700276792,-0.334264049626446,-1.1193521720493,-1.17593278310032
"TCGA-B6-A0X7-01","BRCA",-0.0424854141852504,0.402102283388583,0.173062414419497,0.053036197850803,0.34906608553778,0.366710552498305
"TCGA-B6-A1KC-01","BRCA",-2.10319537193647,-1.33537689374507,0.225213111275001,0.0690181468243183,-1.40439504056939,-1.47538389603117
"TCGA-B6-A1KF-01","BRCA",0.0966435437552642,0.345330462414443,0.567539710148836,0.173926548156663,0.171403914257779,0.18006797767536
"TCGA-B6-A1KI-01","BRCA",-0.191212473707386,0.0895185772312183,-0.151310501574213,-0.0463701707000462,0.135888747931265,0.142757603493346
"TCGA-B6-A1KN-01","BRCA",0.218093766211698,-0.265194651996538,0.863076988820305,0.264496032215254,-0.529690684211792,-0.556465298429825
"TCGA-B6-A2IU-01","BRCA",-0.781838697114347,0.291332287808951,-0.713817703383887,-0.218754471171925,0.510086758980876,0.535870441036305
"TCGA-B6-A3ZX-01","BRCA",0.144950688021752,-0.774637327632772,-1.77392156452856,-0.543630778431711,-0.231006549201061,-0.242683385175439
"TCGA-B6-A400-01","BRCA",1.35189153705119,-0.270357737612318,-1.33584794459381,-0.409380027001888,0.13902228938957,0.146049538078401
"TCGA-B6-A401-01","BRCA",-0.262051673744497,0.484299143238651,-0.076451371362957,-0.0234290621171075,0.507728205355759,0.533392668090729
"TCGA-B6-A402-01","BRCA",-0.285988588613739,-0.153527759420354,-2.65539473382542,-0.813764449938699,0.660236690518344,0.693610097316171
"TCGA-B6-A408-01","BRCA",-0.690453302076562,-1.54592497120779,-0.848124317308334,-0.259913680539605,-1.28601129066819,-1.35101612691316
"TCGA-B6-A409-01","BRCA",0.101101405449088,0.766409207412144,-0.749192299417591,-0.229595265693537,0.996004473105681,1.04635014902883
"TCGA-B6-A40B-01","BRCA",0.430102445915468,-0.548789044321828,-0.265846627085055,-0.0814705744129683,-0.46731846990886,-0.49094031586862
"TCGA-B6-A40C-01","BRCA",0.260212691079055,0.503886019521576,-0.650103227037672,-0.199228720391243,0.703114739912819,0.738655530931622
"TCGA-BH-A0AU-01","BRCA",0.442325982946336,0.523926227606397,1.4077933489167,0.43142820373006,0.0924980238763378,0.097173580723075
"TCGA-BH-A0AV-01","BRCA",2.59167382839121,0.115982888595956,-0.00323003835386936,-0.000989868041400624,0.116972756637357,0.122885453474088
"TCGA-BH-A0AW-01","BRCA",0.101379919829444,0.588874259097597,0.296367938120473,0.0908240455070246,0.498050213590572,0.523225476678198
"TCGA-BH-A0AY-01","BRCA",0.925309426701334,1.1325173513307,0.74576196903214,0.228544016746002,0.903973334584699,0.949667053614155
"TCGA-BH-A0AZ-01","BRCA",1.20382661417323,0.789334860665241,1.07077645457621,0.328146998811818,0.461187861853422,0.484499820041887
"TCGA-BH-A0B0-01","BRCA",0.714369331381099,1.51086341049641,0.58069843412452,0.177959131953552,1.33290427854286,1.40027944467525
"TCGA-BH-A0B1-01","BRCA",-0.0736195253344063,-0.206365833458402,0.422287622819307,0.129413021243894,-0.335778854702296,-0.352751683496907
"TCGA-BH-A0B2-01","BRCA",0.207456425148135,2.14740637850897,1.06252284145279,0.325617620841069,1.82178875766791,1.91387588063834
"TCGA-BH-A0B3-01","BRCA",1.95967231931308,0.653847329482973,-0.299328269177137,-0.0917312598444171,0.74557858932739,0.783265827735539
"TCGA-BH-A0B4-01","BRCA",0.98094874821972,-0.144928538202528,-0.0110818205031385,-0.0033961020752136,-0.141532436127314,-0.148686566810745
"TCGA-BH-A0B5-01","BRCA",0.639877659056741,-0.00755877459215549,-0.566185397430787,-0.173511509469567,0.165952734877412,0.174341254040028
"TCGA-BH-A0B7-01","BRCA",0.900882564378461,2.07987568310869,1.12373825843778,0.344377517249685,1.735498165859,1.82322350302653
"TCGA-BH-A0B8-01","BRCA",-0.504125272310179,-0.235633226057336,-0.998998539487557,-0.306150150341114,0.0705169242837782,0.0740813884131595
"TCGA-BH-A0B9-01","BRCA",-1.5507821880652,-0.8032633249892,-1.13358392210918,-0.347394790342751,-0.455868534646449,-0.478911613396194
"TCGA-BH-A0BA-01","BRCA",-0.815392134267548,2.16737523265915,0.324622009053547,0.0994827048763827,2.06789252778276,2.17241961562106
"TCGA-BH-A0BC-01","BRCA",0.535094360840768,-0.282691332542282,-0.46419832589625,-0.142256851881014,-0.140434480661268,-0.147533112286648
"TCGA-BH-A0BD-01","BRCA",1.02290071130045,1.17199669601268,0.991665437695658,0.303902869562097,0.868093826450586,0.911973921005877
"TCGA-BH-A0BF-01","BRCA",0.626479011800364,0.266613074412828,0.0876539856706785,0.0268621823059336,0.239750892106895,0.251869733981834
"TCGA-BH-A0BG-01","BRCA",1.22646594417449,0.331512054988738,0.334939491379321,0.102644570124752,0.228867484863985,0.240436196183504
"TCGA-BH-A0BJ-01","BRCA",0.662494547631778,0.175322436709473,-0.15949916808177,-0.048879645322169,0.224202082031642,0.235534968246565
"TCGA-BH-A0BL-01","BRCA",1.83273373254444,0.966284214672475,0.575103533014917,0.176244535036596,0.790039679635879,0.829974321247833
"TCGA-BH-A0BM-01","BRCA",-0.123238556362753,0.807954875149889,-0.0124945246054029,-0.00382903521395239,0.811783910363841,0.852817671530966
"TCGA-BH-A0BO-01","BRCA",1.53969558582848,2.03516934106379,-0.485581948423855,-0.148810013865637,2.18397935492942,2.29437435795916
"TCGA-BH-A0BP-01","BRCA",0.888219813621009,3.26625189624901,0.235684209618924,0.072227088785207,3.19402480746381,3.35547522479543
"TCGA-BH-A0BQ-01","BRCA",0.646731577418252,0.827630747748463,-0.141452875920902,-0.0433492317732328,0.870979979521696,0.915005962304506
"TCGA-BH-A0BR-01","BRCA",1.0243353944092,1.81487776219393,1.33100244996344,0.407895090987541,1.40698267120639,1.47810232529105
"TCGA-BH-A0BS-01","BRCA",0.125209305863994,-0.112662645630189,0.848168503535933,0.259927221720786,-0.372589867350976,-0.391423405974965
"TCGA-BH-A0BT-01","BRCA",-0.848160293398809,-0.92558224568522,0.303327202066609,0.092956761040789,-1.01853900672601,-1.07002375015073
"TCGA-BH-A0BV-01","BRCA",0.243728973442671,-0.628655066947365,0.60782259354739,0.186271521969104,-0.814926588916469,-0.856119205068902
"TCGA-BH-A0BW-01","BRCA",1.19242735834608,-0.877226723919949,0.159932295427826,0.0490123802530729,-0.926239104173022,-0.973058305316406
"TCGA-BH-A0BZ-01","BRCA",0.456151891121398,0.348533844731446,-0.269338958757473,-0.0825408240923125,0.431074668823759,0.452864476160275
"TCGA-BH-A0C0-01","BRCA",-0.172669591650123,1.22007541612145,0.36128159773532,0.110717294460593,1.10935812166086,1.16543355704691
"TCGA-BH-A0C1-01","BRCA",0.827657698687342,-0.940994420766698,-0.658643354438063,-0.201845902683525,-0.739148518083173,-0.776510731562454
"TCGA-BH-A0C3-01","BRCA",0.305300837851504,3.46815501160326,1.11718936939084,0.342370563998969,3.12578444760429,3.28378547576636
"TCGA-BH-A0C7-01","BRCA",0.087422848467699,0.420650923184891,0.616502377512899,0.188931503001041,0.23171942018385,0.243432290104304
"TCGA-BH-A0DD-01","BRCA",-0.408132627737699,-0.943133663932652,-1.64587128925253,-0.504388868181186,-0.438744795751466,-0.460922309905591
"TCGA-BH-A0DE-01","BRCA",0.341789882619551,2.00607904552892,1.02186108817053,0.313156539679845,1.69292250584907,1.77849574386549
"TCGA-BH-A0DG-01","BRCA",0.85741338581078,0.789883826389125,0.259722195309092,0.079593699087478,0.710290127301647,0.746193617221765
"TCGA-BH-A0DH-01","BRCA",-0.889790639999818,0.858274155302998,1.23109043181889,0.377276348149811,0.480997807153187,0.505311111332607
"TCGA-BH-A0DI-01","BRCA",1.20670677852757,0.638042895877713,1.25478543622636,0.384537849418274,0.253505046459439,0.266319128382318
"TCGA-BH-A0DK-01","BRCA",0.732351030991171,0.0687637850879648,0.439440319063166,0.134669586019761,-0.0659058009317965,-0.0692371836562352
"TCGA-BH-A0DL-01","BRCA",-1.37605641547233,-0.913313673312072,0.984591144876963,0.301734902618811,-1.21504857593088,-1.27646641439094
"TCGA-BH-A0DO-01","BRCA",-0.337352222973233,-0.157989286820219,-0.115846539720649,-0.0355019893924642,-0.122487297427755,-0.128678741289219
"TCGA-BH-A0DP-01","BRCA",0.198382793016109,0.28651486877245,0.265282378605055,0.0812976564855105,0.20521721228694,0.215590458133351
"TCGA-BH-A0DQ-01","BRCA",1.04627633648152,1.31358493706382,0.738391453502171,0.226285270263,1.08729966680082,1.14226009934328
"TCGA-BH-A0DS-01","BRCA",0.0631933318739319,0.943045487645633,1.27386458846714,0.390384790225505,0.552660697420128,0.580596391605333
"TCGA-BH-A0DT-01","BRCA",0.728950161677932,0.378572780813096,0.0284430057402152,0.00871655977393809,0.369856221039158,0.388551580292453
"TCGA-BH-A0DV-01","BRCA",1.71717338441973,0.0426465390255749,0.457632782565296,0.140244794807463,-0.0975982557818885,-0.102531617316841
"TCGA-BH-A0DX-01","BRCA",1.26293017441688,2.50066206229187,1.87832603437168,0.575626264786628,1.92503579750524,2.02234181471565
"TCGA-BH-A0DZ-01","BRCA",1.01335519841876,0.363233221269984,-0.938709428561131,-0.287674126959213,0.650907348229197,0.683809178788012
"TCGA-BH-A0E0-01","BRCA",-1.54561391798082,4.04213325016544,0.826780175652615,0.253372617746709,3.78876063241873,3.98027354235112
"TCGA-BH-A0E1-01","BRCA",-0.00244430076840702,-0.288175701257527,0.120786271834114,0.0370158051483492,-0.325191506405876,-0.341629169726224
"TCGA-BH-A0E2-01","BRCA",1.23433104552525,-0.372493674858376,0.388937961544719,0.119192782265089,-0.491686457123465,-0.516540047337727
"TCGA-BH-A0E6-01","BRCA",0.516419675768005,0.299919953969593,-0.138895647787089,-0.0425655511704313,0.342485505140024,0.359797339289113
"TCGA-BH-A0E7-01","BRCA",0.141666922596065,-1.42185051105554,0.795747997982399,0.243862587968265,-1.66571309902381,-1.74991096572908
"TCGA-BH-A0E9-01","BRCA",0.577597339651143,-0.542354195336799,0.424834889168472,0.13019364898751,-0.67254784432431,-0.70654355089738
"TCGA-BH-A0EA-01","BRCA",0.941424270515097,1.97044646237246,0.604479742011811,0.185247081532274,1.78519938084019,1.87543699714902
"TCGA-BH-A0EB-01","BRCA",0.691546009034124,-1.58951910540186,0.638345219847685,0.195625396135361,-1.78514450153722,-1.87537934382678
"TCGA-BH-A0EE-01","BRCA",-0.722749647609993,-1.19983943057151,-0.637792261151004,-0.19545593804165,-1.00438349252986,-1.0551527081136
"TCGA-BH-A0EI-01","BRCA",0.222796359635661,-1.34219048127043,0.0504857531443808,0.0154717152270962,-1.35766219649752,-1.42628881696324
"TCGA-BH-A0GY-01","BRCA",0.973339654159978,0.447548077268432,0.499307202103227,0.153016214687077,0.294531862581355,0.309419753251491
"TCGA-BH-A0GZ-01","BRCA",0.657738994629988,-0.61717210672503,0.668929728833434,0.204998234687156,-0.822170341412186,-0.863729112160772
"TCGA-BH-A0H0-01","BRCA",-1.11484565065759,-0.592930908961717,-1.05032202907894,-0.32187859581261,-0.271052313149107,-0.284753367998263
"TCGA-BH-A0H3-01","BRCA",0.682072290962569,0.50151984071047,-0.674945047480596,-0.206841671524535,0.708361512235004,0.744167515214303
"TCGA-BH-A0H5-01","BRCA",0.105666724801724,0.473341390661732,0.769193508945412,0.235724777461479,0.237616613200253,0.24962757231255
"TCGA-BH-A0H6-01","BRCA",0.526610976572149,0.171965725078408,0.0193614932029823,0.00593346618700974,0.166032258891398,0.174424797805276
"TCGA-BH-A0H7-01","BRCA",0.493041291807908,0.516497525634429,1.65291171462668,0.506546456207158,0.00995106942727038,0.0104540725060738
"TCGA-BH-A0H9-01","BRCA",0.17913559887435,0.799194962950898,0.543477009149966,0.166552363673675,0.632642599277224,0.664621189874389
"TCGA-BH-A0HA-01","BRCA",-0.262103669524825,-0.700390347506499,-0.0719843112460771,-0.0220601000292679,-0.678330247477231,-0.712618240885405
"TCGA-BH-A0HB-01","BRCA",0.0616418846047889,1.05231956603183,-0.107881604151218,-0.0330610786947474,1.08538064472658,1.14024407523134
"TCGA-BH-A0HF-01","BRCA",0.633260841368898,0.225847379009048,1.10297887044581,0.338015656342471,-0.112168277333423,-0.117838119078087
"TCGA-BH-A0HI-01","BRCA",0.18647779179614,-0.777814347278515,0.0925379823354739,0.028358917540361,-0.806173264818876,-0.846923421092696
"TCGA-BH-A0HK-01","BRCA",-0.0440539617734794,0.132535917166684,-0.0312934118834749,-0.00959008684609947,0.142126004012784,0.149310138152231
"TCGA-BH-A0HL-01","BRCA",-1.65828085774447,-1.36266438594925,-0.859618979612172,-0.263436300897234,-1.09922808505202,-1.15479147099053
"TCGA-BH-A0HN-01","BRCA",-2.35056047752625,-1.45438220948637,-1.12315915401549,-0.344200046613905,-1.11018216287246,-1.16629925159733
"TCGA-BH-A0HO-01","BRCA",-0.28339910033201,0.557130206604137,0.823022785606214,0.252221139058676,0.304909067545461,0.320321501440269
"TCGA-BH-A0HP-01","BRCA",0.507115778837479,-0.563430027808007,0.150254155546168,0.0460464460072512,-0.609476473815258,-0.640284071433579
"TCGA-BH-A0HQ-01","BRCA",0.889326331828099,0.0457476937224819,0.047161385165666,0.0144529392066681,0.0312947545158138,0.0328766305128512
"TCGA-BH-A0HU-01","BRCA",-0.548259462982881,0.0202939898073766,-1.08535061074297,-0.332613351789509,0.352907341596886,0.370745974987293
"TCGA-BH-A0HW-01","BRCA",-1.40404030478761,-0.744696210744039,-0.273473018615877,-0.0838077359016319,-0.660888474842407,-0.694294827799852
"TCGA-BH-A0HX-01","BRCA",0.381982154708931,0.37152657262108,0.125834371779004,0.038562830990707,0.332963741630373,0.349794273101796
"TCGA-BH-A0HY-01","BRCA",0.786353495773176,0.144689671942068,0.155660958062638,0.0477033987833093,0.0969862731587586,0.101888700416158
"TCGA-BH-A0RX-01","BRCA",0.137844620088666,0.763435581287423,-1.03253625374812,-0.316428019484182,1.0798636007716,1.13444815772257
"TCGA-BH-A0W3-01","BRCA",-1.2411469834869,-1.74709073150272,-0.0337576559953086,-0.0103452718393648,-1.73674545966336,-1.82453384458956
"TCGA-BH-A0W4-01","BRCA",0.913759226728514,1.40773722681863,0.821258800373576,0.251680553339253,1.15605667347938,1.214492610469
"TCGA-BH-A0W5-01","BRCA",0.495631804254278,0.365847424873136,-0.160190804457807,-0.0490916021690866,0.414939027042223,0.43591321576067
"TCGA-BH-A0W7-01","BRCA",0.202374197813098,0.487384662784142,-0.846840544781205,-0.259520259391677,0.746904922175819,0.784659203579815
"TCGA-BH-A0WA-01","BRCA",2.3674290266724,-0.211989965001356,0.193902338160978,0.0594227395066342,-0.27141270450799,-0.285131976289951
"TCGA-BH-A18F-01","BRCA",1.09673890000328,1.13845715775763,0.228778357837892,0.0701107417862612,1.06834641597137,1.12234880640686
"TCGA-BH-A18G-01","BRCA",-0.562594122476507,0.439391898488556,-2.01811563883503,-0.618465775287346,1.0578576737759,1.11132988304287
"TCGA-BH-A18H-01","BRCA",0.594765392143292,0.818372812651232,-0.667182322196962,-0.20446272959549,1.02283554224672,1.07453746540382
"TCGA-BH-A18I-01","BRCA",0.617842227265724,-0.311349018373653,-0.321735322169387,-0.0985980593152123,-0.212750959058441,-0.22350501802737
"TCGA-BH-A18J-01","BRCA",0.881764892464009,-1.22027950853282,-0.914654050381433,-0.280302186605822,-0.939977321927003,-0.987490957560874
"TCGA-BH-A18K-01","BRCA",0.0959406421706755,0.848478331954049,-0.45496365327087,-0.139426821304532,0.987905153258581,1.03784142767478
"TCGA-BH-A18L-01","BRCA",-1.72249291187779,1.37211373578683,0.53650614909769,0.164416094431374,1.20769764135546,1.26874390741815
"TCGA-BH-A18M-01","BRCA",1.35060328612152,1.6038172345509,-0.278695110253331,-0.085408082725684,1.68922531727658,1.77461167113462
"TCGA-BH-A18N-01","BRCA",-0.51996536991955,-0.942826588690782,0.271994911933669,0.0833547596808556,-1.02618134837164,-1.07805239413352
"TCGA-BH-A18P-01","BRCA",0.783821779372321,-0.446943261761652,-0.795145501380175,-0.243677948633911,-0.203265313127741,-0.213539895077396
"TCGA-BH-A18Q-01","BRCA",1.23605420564238,0.360324572709327,0.0814437352921228,0.0249590072642302,0.335365565445096,0.352317503442961
"TCGA-BH-A18R-01","BRCA",-0.243334693995104,-0.838078768179258,-0.586377726419149,-0.179699591144537,-0.658379177034721,-0.691658690908977
"TCGA-BH-A18S-01","BRCA",-2.0465922158506,-1.18978061526601,0.296249148626958,0.0907876416286792,-1.28056825689469,-1.34529796062591
"TCGA-BH-A18T-01","BRCA",0.32403177437085,1.28610484047396,-1.30209875134228,-0.39903734863006,1.68514218910402,1.77032215046757
"TCGA-BH-A18U-01","BRCA",-0.490689663294505,0.754684096267689,0.2026975658825,0.0621180990920539,0.692565997175635,0.7275735741401
"TCGA-BH-A18V-01","BRCA",1.89025679963598,-0.372942692145719,-0.213124923654784,-0.0653136364461755,-0.307629055699544,-0.323178978577401
"TCGA-BH-A1EN-01","BRCA",-0.600152036857699,1.27808875483837,-0.0163071377121436,-0.00499743739842384,1.2830861922368,1.34794317165818
"TCGA-BH-A1EO-01","BRCA",0.963440751977555,-0.294812750054115,0.903975484813667,0.277029664850509,-0.571842414904624,-0.600747699647101
"TCGA-BH-A1ES-01","BRCA",-0.0917934225068866,-1.88480885764972,-0.615247288472106,-0.188546872109861,-1.69626198553986,-1.78200402637474
"TCGA-BH-A1ET-01","BRCA",-0.294548283681656,-0.899763147061579,-0.0601325277779322,-0.0184280373713545,-0.881335109690224,-0.925884519868878
"TCGA-BH-A1EU-01","BRCA",-0.349071378252807,0.389384440201834,0.72140237516825,0.221078847349954,0.16830559285188,0.176813043433254
"TCGA-BH-A1EV-01","BRCA",1.25121230022053,-1.2043151746572,0.569948232270468,0.174664656752914,-1.37897983141012,-1.44868400801914
"TCGA-BH-A1EW-01","BRCA",0.251720617176046,1.01897414564547,-0.441190913252283,-0.135206067959424,1.1541802136049,1.2125212999756
"TCGA-BH-A1EX-01","BRCA",0.759694606446404,-0.332318538947936,2.29335401634064,0.70281451787531,-1.03513305682325,-1.08745659032472
"TCGA-BH-A1EY-01","BRCA",0.221255960467076,0.378547578879465,0.842941577525748,0.258325393369104,0.120222185510361,0.126299133309204
"TCGA-BH-A1F0-01","BRCA",0.312379102132601,1.15292398066411,1.19556410109786,0.366389053462785,0.786534927201328,0.8262924118476
"TCGA-BH-A1F2-01","BRCA",0.0548211348472481,1.59416155774077,1.33163355072825,0.408088496269322,1.18607306147145,1.2460262560468
"TCGA-BH-A1F5-01","BRCA",-1.44521853387332,-1.33471508759519,0.23725793543467,0.0727093681640478,-1.40742445575924,-1.47856644101059
"TCGA-BH-A1F6-01","BRCA",0.0681883594716239,0.976394391044647,0.217235169483975,0.0665732502782351,0.909821140766412,0.955810452599751
"TCGA-BH-A1F8-01","BRCA",-0.692411426158743,-1.14083751858188,1.21826969716098,0.373347343563863,-1.51418486214574,-1.59072333402592
"TCGA-BH-A1FB-01","BRCA",0.848517357362404,-0.262841670447179,0.408426863736109,0.125165293835464,-0.388006964282643,-0.407619800778034
"TCGA-BH-A1FC-01","BRCA",0.0732834829799157,-0.131318427341347,-2.21264241488717,-0.678079878191125,0.546761450849778,0.574398952040834
"TCGA-BH-A1FD-01","BRCA",0.358337967949348,-0.989499040556557,-0.96410004570407,-0.295455260712974,-0.694043779843583,-0.729126055234908
"TCGA-BH-A1FE-01","BRCA",0.598456180424506,-0.198089412853399,-0.270546653409964,-0.0829109306388307,-0.115178482214568,-0.121000482713034
"TCGA-BH-A1FG-01","BRCA",-0.369626997237906,-0.959422397453615,2.25869571405286,0.692193236625574,-1.65161563407919,-1.73510090719617
"TCGA-BH-A1FH-01","BRCA",0.91363527080799,-0.967311439695747,-0.148024155362244,-0.04536304671828,-0.921948392977467,-0.968550708794365
"TCGA-BH-A1FJ-01","BRCA",-0.711405480082964,-0.95911581943962,-0.967660931082059,-0.296546519159035,-0.662569300280584,-0.696060614997819
"TCGA-BH-A1FL-01","BRCA",-0.487785213564748,-0.949069575022483,-0.33635169300527,-0.103077349276079,-0.845992225746404,-0.888755136537483
"TCGA-BH-A1FM-01","BRCA",-0.0405647878617615,-0.137115295144268,1.91607014729524,0.587193214476031,-0.724308509620299,-0.760920595688566
"TCGA-BH-A1FN-01","BRCA",0.705276241593623,-0.880995871992434,0.311552636948198,0.095477503590534,-0.976473375582968,-1.02583180061232
"TCGA-BH-A1FR-01","BRCA",-0.742082786737383,-1.03367870612794,0.993703958491305,0.304527588641647,-1.33820629476959,-1.4058494653115
"TCGA-BH-A1FU-01","BRCA",1.47290006222387,0.298766572568859,-1.68322764247912,-0.515836986175816,0.814603558744675,0.855779846484152
"TCGA-BH-A201-01","BRCA",1.53168142998437,0.567058731057997,-0.0525580818736001,-0.0161067949864042,0.583165526044401,0.612643167336752
"TCGA-BH-A202-01","BRCA",0.177093826882227,2.13833483693736,1.1375956849166,0.348624223357994,1.78971061357936,1.88017626205836
"TCGA-BH-A203-01","BRCA",0.036761061536265,1.88024595718377,1.3182977045682,0.404001632129439,1.47624432505433,1.5508649923098
"TCGA-BH-A204-01","BRCA",-0.692610757824072,-1.69267365668782,0.272879430286375,0.0836258265703023,-1.77629948325812,-1.86608723074456
"TCGA-BH-A208-01","BRCA",2.2044305647112,-1.11859479191327,0.255405029463069,0.0782706731564438,-1.19686546506971,-1.25736419018098
"TCGA-BH-A209-01","BRCA",-0.407197411138822,-0.762400752676051,-1.35320741686295,-0.414699959749504,-0.347700792926547,-0.365276247567146
"TCGA-BH-A28O-01","BRCA",0.732314392286628,0.883179797345986,0.0445844944296633,0.0136632328607063,0.86951656448528,0.913468575091103
"TCGA-BH-A28Q-01","BRCA",0.22782294839781,0.28718911148806,-1.57330319618222,-0.48214986409331,0.76933897558137,0.808227245449169
"TCGA-BH-A2L8-01","BRCA",0.00717196870818035,0.651017965805054,0.436601307315331,0.133799550840465,0.517218414964589,0.543362585401995
"TCGA-BH-A42T-01","BRCA",-1.54394210231128,0.349918179595894,0.0500464465928542,0.0153370866350819,0.334581092960812,0.351493377725654
"TCGA-BH-A42U-01","BRCA",0.125003921949259,-0.503184195228151,-0.416819453715056,-0.12773726224407,-0.375446932984081,-0.394424889534234
"TCGA-BH-A42V-01","BRCA",0.0272532872210779,0.158346894322205,-0.667650821588222,-0.204606304539196,0.362953198861401,0.381299626632121
"TCGA-BH-A5IZ-01","BRCA",0.630957811334491,-0.231739321989106,-0.646921383452417,-0.198253621976698,-0.033485700012408,-0.0351783231344988
"TCGA-BH-A5J0-01","BRCA",-0.335210084215403,1.05398802371488,0.668222988107423,0.204781649005628,0.849206374709249,0.89213175314623
"TCGA-BH-A6R8-01","BRCA",-1.33205365019626,0.694253274098442,-0.195986758365367,-0.0600615247838127,0.754314798882254,0.792443632069265
"TCGA-BH-A6R9-01","BRCA",1.68254011723468,-1.44231373524827,-0.518142938369077,-0.158788558951497,-1.28352517629678,-1.34840434532656
"TCGA-BH-A8FY-01","BRCA",-1.97421307727694,-2.03175445076351,-1.50550221147626,-0.461371773995549,-1.57038267676796,-1.64976181557179
"TCGA-BH-A8FZ-01","BRCA",0.212516207179967,0.859148710997297,0.238187202863068,0.0729941487234438,0.786154562273853,0.825892820370559
"TCGA-BH-A8G0-01","BRCA",0.643654064435079,0.0239493032490621,0.977631211071152,0.299601981801823,-0.275652678552761,-0.289586271017956
"TCGA-BH-AB28-01","BRCA",-0.55513237375082,0.440164078088432,0.197536137567661,0.060536342971196,0.379627735117236,0.398817021350115
"TCGA-C8-A12K-01","BRCA",-0.525011052828952,-0.942468024795551,0.0207271023415594,0.00635196674187233,-0.948819991537423,-0.996780603254758
"TCGA-C8-A12L-01","BRCA",0.733112037242518,0.317024939496889,-0.0972880760288105,-0.0298146172645021,0.346839556761391,0.364371477946032
"TCGA-C8-A12M-01","BRCA",-0.843252667768151,-1.53106703226895,1.18965622406177,0.364578542865118,-1.89564557513406,-1.99146598595337
"TCGA-C8-A12N-01","BRCA",0.227783184903004,-1.09743409423702,-0.13222980405223,-0.0405227563304866,-1.05691133790654,-1.1103357121283
"TCGA-C8-A12O-01","BRCA",1.40978028631973,0.112813435678005,-0.169458901276691,-0.0519318758254753,0.164745311503481,0.173072798263606
"TCGA-C8-A12P-01","BRCA",0.925122148953444,0.616873293767394,0.518998674305625,0.159050805266453,0.457822488500942,0.480964335007442
"TCGA-C8-A12Q-01","BRCA",0.618500466070146,1.8045587530034,1.18212217276449,0.362269679692482,1.44228907331092,1.51519338271226
"TCGA-C8-A12T-01","BRCA",1.88655079104214,0.663082866740243,-0.788907268358975,-0.241766198113953,0.904849064854196,0.950587049982384
"TCGA-C8-A12U-01","BRCA",-1.66741214162579,0.990638648249575,0.715052803913742,0.219132976442909,0.771505671806665,0.810503463056073
"TCGA-C8-A12V-01","BRCA",-0.225995205665691,0.128456243488028,-0.240743294713017,-0.0737774811040385,0.202233724592066,0.2124561621754
"TCGA-C8-A12W-01","BRCA",1.58612850246761,0.880359736157046,-0.62889231262175,-0.192728486025898,1.07308822218294,1.12733029973357
"TCGA-C8-A12X-01","BRCA",-2.23243355067049,-1.05426715291422,0.622866548435802,0.190881848079466,-1.24514900099369,-1.3080883449151
"TCGA-C8-A12Y-01","BRCA",-0.711669933587466,-0.854564798374212,-0.444895817150534,-0.136341461897068,-0.718223336477145,-0.754527831401724
"TCGA-C8-A12Z-01","BRCA",0.513848699136389,0.659403069631108,0.286935983413764,0.0879335564448976,0.571469513186211,0.600355948626728
"TCGA-C8-A130-01","BRCA",-0.202238736481063,-0.588612564791017,1.70230462011276,0.521683260559348,-1.11029582535036,-1.16641865944529
"TCGA-C8-A131-01","BRCA",0.771248063828334,0.724410973198906,0.702837909322635,0.215389635819622,0.509021337379284,0.534751164886743
"TCGA-C8-A132-01","BRCA",1.23937579297989,0.0578286007237434,0.898170865540262,0.275250798322699,-0.217422197598955,-0.228412376653759
"TCGA-C8-A133-01","BRCA",-1.99137918655712,-0.438267706528294,1.53834928542064,0.471437991541268,-0.909705698069562,-0.955689174546976
"TCGA-C8-A134-01","BRCA",1.46454111686355,-0.163721709506831,0.54827829318254,0.168023751038422,-0.331745460545253,-0.348514410782503
"TCGA-C8-A135-01","BRCA",0.480682789468581,2.7874153236408,-1.08704703672142,-0.333133233498857,3.12054855713966,3.27828492339345
"TCGA-C8-A137-01","BRCA",-0.432962838364443,-0.541223606590777,1.55488030591721,0.476504039398469,-1.01772764598925,-1.06917137704322
"TCGA-C8-A138-01","BRCA",0.0608236615714449,-0.610525093616262,-0.23972797043716,-0.0734663278166093,-0.537058765799652,-0.564205819156076
"TCGA-C8-A1HE-01","BRCA",-0.258959671824557,-0.791272625886708,0.865662507629993,0.265288382695268,-1.05656100858198,-1.10996767448303
"TCGA-C8-A1HF-01","BRCA",0.0518984900904029,-1.20122720828235,-0.965758995379092,-0.295963657544742,-0.905263550737607,-0.951022487149172
"TCGA-C8-A1HG-01","BRCA",-1.58758353205665,0.13081020977872,0.942958845931052,0.288976390891782,-0.158166181113062,-0.166161108356201
"TCGA-C8-A1HI-01","BRCA",-0.349037416698272,-0.987190772934977,2.15995410808371,0.661933174856231,-1.64912394779121,-1.73248327204576
"TCGA-C8-A1HJ-01","BRCA",-0.687369236318065,-0.864837300224646,-2.7336089469843,-0.837733747360983,-0.027103552863663,-0.0284735735068285
"TCGA-C8-A1HK-01","BRCA",-0.801795145353926,-0.181011623859748,-0.836948659758634,-0.256488821439455,0.0754771975797063,0.0792923918198353
"TCGA-C8-A1HL-01","BRCA",-0.119118027721074,-1.29568402127728,0.16208954963536,0.0496734860243579,-1.34535750730164,-1.41336215476289
"TCGA-C8-A1HM-01","BRCA",-0.918583728094174,-0.0684694017793286,0.0348499610319725,0.0106800164240413,-0.0791494182033699,-0.0831502345309789
"TCGA-C8-A1HN-01","BRCA",-0.861552610143441,-1.3535325435996,-0.41210806170039,-0.126293422922398,-1.22723912067721,-1.28927316240914
"TCGA-C8-A1HO-01","BRCA",-1.9514885037044,-1.62405039336823,-0.258976351780401,-0.0793651300761991,-1.54468526329203,-1.62276545848079
"TCGA-C8-A26V-01","BRCA",-0.215469023751571,-0.143081459153522,0.0438538878158596,0.0134393333094908,-0.156520792463013,-0.164432549192384
"TCGA-C8-A26W-01","BRCA",0.0676678967697897,-0.517906769977197,-0.0298463354324634,-0.0091466200585909,-0.508760149918606,-0.534476775016231
"TCGA-C8-A26X-01","BRCA",0.300735048303051,2.01913758594263,-0.16961862230774,-0.0519808234622694,2.0711184094049,2.17580855794734
"TCGA-C8-A26Y-01","BRCA",-0.600550312052627,1.60901577407818,4.12094865193942,1.26289378759896,0.346121986479224,0.363617636179295
"TCGA-C8-A26Z-01","BRCA",-1.22298384219101,-0.617043354896934,1.16569595235824,0.357235748562323,-0.974279103459257,-1.0235266132104
"TCGA-C8-A273-01","BRCA",0.175677013471679,-0.419462872670261,-0.969913062578594,-0.297236700744892,-0.122226171925369,-0.128404416508844
"TCGA-C8-A274-01","BRCA",-0.160671391966031,-1.46746268724053,-0.995617406711384,-0.305113978348031,-1.1623487088925,-1.22110269342544
"TCGA-C8-A275-01","BRCA",0.0641930935465759,1.33497864046801,0.489806178179112,0.150104558875994,1.18487408159201,1.24476667056359
"TCGA-C8-A278-01","BRCA",-0.680691531943362,1.42040927974946,0.785884856194249,0.240839958583014,1.17956932116644,1.23919376701573
"TCGA-C8-A27A-01","BRCA",-1.637041369555,-1.74281969453587,0.374967650616913,0.114911481920993,-1.85773117645686,-1.95163510388662
"TCGA-C8-A27B-01","BRCA",0.355036099207844,1.07351903779669,-0.740999680506147,-0.227084579829359,1.30060361762605,1.36634606156639
"TCGA-C8-A3M7-01","BRCA",0.427395875164916,-0.25005985118485,-0.573384788755557,-0.175717813732608,-0.0743420374522427,-0.0780998520264753
"TCGA-C8-A3M8-01","BRCA",-0.0518895491975882,1.06691618870366,1.32412235904038,0.405786638585264,0.661129550118398,0.694548088862197
"TCGA-C8-A8HP-01","BRCA",-0.155608466922176,0.628394995846456,1.36806532538532,0.419253270638439,0.209141725208017,0.219713345922229
"TCGA-C8-A8HQ-01","BRCA",0.716886837586643,0.907542204807902,1.71923787073712,0.526872574676936,0.380669630130967,0.399911581698313
"TCGA-C8-A8HR-01","BRCA",0.18452926023225,0.246633381117062,-0.560739063456636,-0.171842441999409,0.418475823116471,0.439628788530975
"TCGA-D8-A13Y-01","BRCA",-1.00438462490091,-1.64740203528061,-2.03639250080651,-0.62406684858141,-1.0233351866992,-1.07506236570439
"TCGA-D8-A13Z-01","BRCA",1.72262273879883,0.39048423765128,-0.492179215613146,-0.150831792939386,0.541316030590666,0.568678278636748
"TCGA-D8-A140-01","BRCA",-0.392732782245939,-0.0662284503959013,0.658035881869944,0.201659738429318,-0.267888188825219,-0.281429304655934
"TCGA-D8-A141-01","BRCA",1.39378077947936,0.65241243370762,-0.344249624015927,-0.105497725954044,0.757910159661663,0.796220729852387
"TCGA-D8-A142-01","BRCA",2.69539681749111,0.331013551563658,-0.156164661006985,-0.0478577621042189,0.378871313667877,0.398022364581358
"TCGA-D8-A143-01","BRCA",0.2415050458412,0.21122516289654,0.249166271446277,0.0763587617478822,0.134866401148658,0.141683579493229
"TCGA-D8-A145-01","BRCA",0.192182246723091,0.260639507961109,-1.04641725467413,-0.320681950148147,0.581321458109256,0.610705886118785
"TCGA-D8-A147-01","BRCA",0.569580591246528,-1.64070853163619,-0.803465295136835,-0.246227608126622,-1.39448092350957,-1.46496864374753
"TCGA-D8-A1J8-01","BRCA",-0.803543426221906,-0.649582139117199,-0.0556274808483759,-0.017047433956774,-0.632534705160425,-0.664507841964575
"TCGA-D8-A1J9-01","BRCA",1.23206734008148,0.847032649799179,0.505296202987855,0.154851586260455,0.692181063538724,0.72716918301614
"TCGA-D8-A1JA-01","BRCA",-0.839219384338129,-0.397039965573336,0.300205346833101,0.0920000464798527,-0.489040012053189,-0.513759830713754
"TCGA-D8-A1JB-01","BRCA",0.0447283587959634,-1.15071145335586,1.0580506998515,0.324247101496481,-1.47495855485234,-1.54951422945802
"TCGA-D8-A1JC-01","BRCA",0.582128879168103,-0.184703340927341,0.708275865152576,0.21705613574838,-0.401759476675721,-0.422067470221875
"TCGA-D8-A1JD-01","BRCA",1.04464917772375,0.837430651535763,-1.06881163204032,-0.327544865083911,1.16497551661967,1.22386228008496
"TCGA-D8-A1JE-01","BRCA",0.159254465540651,-2.16892472835332,0.491974678499747,0.15076911109798,-2.3196938394513,-2.43694888943897
"TCGA-D8-A1JF-01","BRCA",-0.606250341108184,2.60128104840345,1.77528679982914,0.544049164421281,2.05723188398217,2.16122010143142
"TCGA-D8-A1JG-01","BRCA",-0.13043562155958,1.52697186039342,0.069686069912103,0.0213557877584241,1.505616072635,1.5817214124245
"TCGA-D8-A1JH-01","BRCA",1.28117848310465,0.35418470420359,0.515711640974926,0.158043470712304,0.196141233491286,0.206055710025441
"TCGA-D8-A1JI-01","BRCA",-2.24915244267616,-0.900991111433786,-0.205863522521928,-0.063088328839969,-0.837902782593817,-0.880256791121548
"TCGA-D8-A1JJ-01","BRCA",1.27868274884791,0.220191107666785,0.171667707732696,0.0526087801470046,0.16758232751978,0.176053218745248
"TCGA-D8-A1JK-01","BRCA",1.00085495881128,1.72901442836346,1.74755306280333,0.535549965048752,1.19346446331471,1.25379127581233
"TCGA-D8-A1JL-01","BRCA",0.695030390357383,-0.764086524571273,0.791088248889678,0.242434574984362,-1.00652109955563,-1.05739836613059
"TCGA-D8-A1JM-01","BRCA",-0.300486307399952,0.898454565634032,-1.44603349142385,-0.443147165184831,1.34160173081886,1.40941653264112
"TCGA-D8-A1JN-01","BRCA",-2.23312637907195,-1.44507754576091,-0.289824129871135,-0.0888186493025753,-1.35625889645834,-1.42481458341833
"TCGA-D8-A1JP-01","BRCA",0.514766806165903,-2.29971534247372,1.11156671293766,0.340647461261161,-2.64036280373488,-2.7738269132101
"TCGA-D8-A1JS-01","BRCA",-2.53881266438725,-0.119928278762681,0.120538856579262,0.0369399829979898,-0.156868261760671,-0.164797582243143
"TCGA-D8-A1JT-01","BRCA",-2.27422826930797,0.893291160797106,0.65281220712984,0.20005890645229,0.693232254344816,0.728273509037069
"TCGA-D8-A1JU-01","BRCA",0.56662134280654,0.700621123257147,0.449090978510378,0.137627098692573,0.562994024564574,0.591452044054203
"TCGA-D8-A1X5-01","BRCA",0.962358256504361,0.659532110798179,-0.155749461964676,-0.0477305214284821,0.707262632226661,0.743013089414478
"TCGA-D8-A1X6-01","BRCA",-0.562075516119439,-1.2430435427283,-0.818768488123426,-0.25091737958109,-0.992126163147209,-1.0422757996533
"TCGA-D8-A1X7-01","BRCA",0.507756031397233,0.0449071044977105,0.187331881604972,0.0574091767406038,-0.0125020722428933,-0.0131340224946285
"TCGA-D8-A1X8-01","BRCA",0.0303556669962893,-0.386358417691504,0.38759214862179,0.118780348400174,-0.505138766091678,-0.530672338781942
"TCGA-D8-A1X9-01","BRCA",1.0738774203193,-0.331875674772913,0.614143451996194,0.188208593634273,-0.520084268407186,-0.546373300973789
"TCGA-D8-A1XA-01","BRCA",0.0774023409188819,-0.250520158463091,1.02331476942218,0.313602030555105,-0.564122189018196,-0.592637234558916
"TCGA-D8-A1XB-01","BRCA",0.843833983021394,-0.935031988367888,-1.71590808844715,-0.525852139402623,-0.409179848965265,-0.429862924821395
"TCGA-D8-A1XC-01","BRCA",-1.18369907520177,-1.24560029561828,-0.477510255458839,-0.146336386610872,-1.09926390900741,-1.15482910576234
"TCGA-D8-A1XD-01","BRCA",0.79586114009836,-0.449419983771488,-2.14850622700755,-0.658424890935864,0.209004907164377,0.219569612049321
"TCGA-D8-A1XF-01","BRCA",-1.37388347754194,1.19499880830377,-0.691764158338248,-0.21199600670536,1.40699481500913,1.47811508293437
"TCGA-D8-A1XG-01","BRCA",0.921160145044139,-1.90456940714538,-0.214554388801828,-0.0657517061253359,-1.83881770102004,-1.93176559689509
"TCGA-D8-A1XJ-01","BRCA",0.428331339519462,0.599248481962226,0.487020256219751,0.149250793436923,0.449997688525304,0.472744009856592
"TCGA-D8-A1XK-01","BRCA",0.050009221584772,0.914186566784506,-1.42692943451978,-0.437292592167833,1.35147915895234,1.41979324145977
"TCGA-D8-A1XL-01","BRCA",-1.40559324749156,0.0454015516359888,-0.27441554418268,-0.0840965795110781,0.129498131147067,0.136043956110137
"TCGA-D8-A1XM-01","BRCA",0.923359805943213,1.14650403770856,1.67479081973919,0.513251462325546,0.633252575383013,0.665261998833013
"TCGA-D8-A1XO-01","BRCA",0.335845268773765,-1.14430625262101,-1.03108096084121,-0.315982034705796,-0.828324217915213,-0.870194052600215
"TCGA-D8-A1XQ-01","BRCA",1.18176010298869,1.21807079760793,-0.0277924108473133,-0.00851718037907379,1.226587977987,1.2885891059924
"TCGA-D8-A1XR-01","BRCA",-0.500071494489379,0.409545549986237,-1.09051486826702,-0.334195974941491,0.743741524927728,0.781335904065249
"TCGA-D8-A1XS-01","BRCA",0.189313506214475,0.694228304864442,-0.258611993029675,-0.0792534697664955,0.773481774630937,0.81257945321526
"TCGA-D8-A1XT-01","BRCA",0.926684419805966,-0.630331437459669,0.686829197347576,0.210483653093715,-0.840815090553384,-0.883316309376529
"TCGA-D8-A1XU-01","BRCA",0.715896840869471,0.144299649968209,0.862662198012316,0.264368916645805,-0.120069266677596,-0.126138484790273
"TCGA-D8-A1XV-01","BRCA",-1.88830846318636,-2.04893503855983,-0.395814626394987,-0.12130018472319,-1.92763485383664,-2.02507224721181
"TCGA-D8-A1XW-01","BRCA",1.41849142552416,-0.338516620348543,1.02148686119032,0.313041855181597,-0.651558475530141,-0.684493219037606
"TCGA-D8-A1XY-01","BRCA",0.463174430214337,-1.08343621501814,-0.809486673244656,-0.248072901928468,-0.835363313089669,-0.877588957426148
"TCGA-D8-A1XZ-01","BRCA",0.460751602276268,-0.77044669892366,-0.510324196267946,-0.156392450273533,-0.614054248650127,-0.645093241984541
"TCGA-D8-A1Y0-01","BRCA",-0.000434406913304893,-1.26615275676894,-1.25404683098083,-0.384311498629936,-0.881841258139004,-0.926416252927426
"TCGA-D8-A1Y1-01","BRCA",0.596838646547945,-0.821444891841628,-0.766129658579153,-0.234785838901335,-0.586659052940293,-0.616313283773834
"TCGA-D8-A1Y2-01","BRCA",0.891223984968037,0.391655037373507,2.22054158294526,0.680500633971001,-0.288845596597494,-0.303446059939574
"TCGA-D8-A1Y3-01","BRCA",-2.45110193815906,0.124851750833083,-0.0532607709478496,-0.0163221390106656,0.141173889843749,0.148309896858579
"TCGA-D8-A27E-01","BRCA",-0.927634985297214,-1.59023362561531,1.1505743336835,0.352601621836723,-1.94283524745204,-2.04104098485731
"TCGA-D8-A27F-01","BRCA",2.11518892707876,0.267343130850514,-3.05164975998426,-0.935199598276532,1.20254272912705,1.26332842654022
"TCGA-D8-A27G-01","BRCA",1.01853339196105,-0.462624117005392,0.240625562439837,0.0737414012183237,-0.536365518223716,-0.563477529550978
"TCGA-D8-A27H-01","BRCA",2.50485034077049,0.390143925962767,0.0537910722677791,0.0164846535914235,0.373659272371344,0.392546866895723
"TCGA-D8-A27I-01","BRCA",0.403208829763832,0.576490204830023,0.470250519703004,0.144111589371202,0.432378615458821,0.454234334220921
"TCGA-D8-A27K-01","BRCA",0.10864961780059,-0.212361471381283,-0.80982558896509,-0.248176765042039,0.0358152936607564,0.0376256722448149
"TCGA-D8-A27L-01","BRCA",1.14695593625999,-0.308823475162853,-0.445387497784654,-0.136492140896191,-0.172331334266663,-0.181042276577333
"TCGA-D8-A27M-01","BRCA",1.52505480211498,0.485107366580706,0.0743417668066139,0.0227825589175973,0.462324807663108,0.485694235779493
"TCGA-D8-A27N-01","BRCA",0.631785744620505,1.64180705780048,-0.558763097321125,-0.171236893236779,1.81304395103726,1.90468904466694
"TCGA-D8-A27P-01","BRCA",0.540532169068944,0.502887596831616,0.0341525105709503,0.0104662778097616,0.492421319021854,0.517312054771085
"TCGA-D8-A27R-01","BRCA",-0.45377049233012,1.00384684227337,3.10416527141412,0.951293347250121,0.0525534950232531,0.0552099501903866
"TCGA-D8-A27T-01","BRCA",-0.11873504742899,-0.384138289637431,-0.353382205685752,-0.108296470036947,-0.275841819600484,-0.289784972699341
"TCGA-D8-A27V-01","BRCA",-0.59737381757005,-1.09999445322093,-1.55846535127743,-0.477602701841534,-0.622391751379392,-0.65385218580343
"TCGA-D8-A27W-01","BRCA",-0.351082038057807,0.134524736515869,0.237282472726501,0.0727168877902393,0.0618078487256294,0.0649320896356575
"TCGA-D8-A3Z5-01","BRCA",-0.536163250863793,0.267356490052093,-0.737185002287241,-0.225915544776694,0.493272034828788,0.518205772254693
"TCGA-D8-A3Z6-01","BRCA",0.43986154711309,-0.0374992415744612,0.264649224100585,0.0811036218207231,-0.118602863395184,-0.124597958282091
"TCGA-D8-A4Z1-01","BRCA",0.322031436042509,-0.539074928833615,-0.598838528740076,-0.183518291926501,-0.355556636907114,-0.373529185924122
"TCGA-D8-A73U-01","BRCA",0.67542402103378,-0.556895926801708,1.58478620903895,0.485668914395687,-1.0425648411974,-1.09526403386279
"TCGA-D8-A73W-01","BRCA",0.716658321455145,-0.80166171340111,-0.275794049210781,-0.0845190321022655,-0.717142681298844,-0.753392551654096
"TCGA-D8-A73X-01","BRCA",-0.243337962736434,-0.740278876457855,-0.00737774422054459,-0.00226096176622703,-0.738017914691627,-0.775322978837261
"TCGA-E2-A105-01","BRCA",-1.48873043092993,-0.236669358170179,1.32339359047824,0.405563302317948,-0.642232660488127,-0.6746960060506
"TCGA-E2-A107-01","BRCA",-0.808892003869727,-0.306684650076682,-0.247028668034292,-0.075703678101529,-0.230980971975153,-0.242656515081114
"TCGA-E2-A108-01","BRCA",1.37308191592666,1.85497697370496,1.96312950212413,0.601614885766172,1.25336208793879,1.31671658402551
"TCGA-E2-A109-01","BRCA",-0.403245492896998,-0.202881080450472,-0.185124570331606,-0.0567327306283426,-0.14614834982213,-0.15353580405103
"TCGA-E2-A10A-01","BRCA",-0.0954721318936178,-0.555059629521109,-0.0248919135314709,-0.00762830251368229,-0.547431327007426,-0.575102688857598
"TCGA-E2-A10B-01","BRCA",-0.47896082788864,-0.329399376981708,-0.236470002187397,-0.072467900461567,-0.256931476520141,-0.269918756397515
"TCGA-E2-A10C-01","BRCA",-1.82724315306503,-1.15962770729721,-1.104044055742,-0.33834208989135,-0.82128561740586,-0.862799667443539
"TCGA-E2-A10E-01","BRCA",0.278975457567852,0.232730696382442,0.911846108937381,0.279441673140321,-0.0467109767578789,-0.0490721064128222
"TCGA-E2-A10F-01","BRCA",1.13289750585225,0.0735027617013778,0.570402964832943,0.174804012754814,-0.101301251053436,-0.106421790261702
"TCGA-E2-A14N-01","BRCA",-1.47152726278748,0.374109641274661,-0.674787024432673,-0.206793244246649,0.58090288552131,0.610266155674191
"TCGA-E2-A14O-01","BRCA",-1.12251645360565,-0.533515650926155,1.78905253104936,0.548267769870683,-1.08178342079684,-1.13646502012004
"TCGA-E2-A14P-01","BRCA",0.205422473780984,0.950161002018811,0.978085849746792,0.29974130903144,0.650419692987371,0.683296873724393
"TCGA-E2-A14Q-01","BRCA",0.44188653771559,0.0855482598441803,-0.148334136833988,-0.0454580427272091,0.131006302571389,0.137628362041247
"TCGA-E2-A14R-01","BRCA",-0.874561896939645,0.14531483765334,0.0211220398488651,0.00647299812726268,0.138841839526077,0.145859966900102
"TCGA-E2-A14S-01","BRCA",-0.938227885834681,-0.393125466078037,-0.897100337662889,-0.274922727502124,-0.118202738575913,-0.124177608097347
"TCGA-E2-A14T-01","BRCA",-0.458937128559096,1.63228443920078,3.54548809560705,1.08653984024793,0.545744598952844,0.573330700679894
"TCGA-E2-A14U-01","BRCA",-0.204191795557941,-0.567551638239044,0.091260115810708,0.0279673063285232,-0.595518944567568,-0.625621022016887
"TCGA-E2-A14V-01","BRCA",0.313751708275593,0.376251445396573,1.21358968883021,0.37191312199353,0.00433832340304204,0.00455761541427002
"TCGA-E2-A14W-01","BRCA",-1.85629675970275,-1.46120349631057,0.408370672416124,0.125148073609026,-1.58635156991959,-1.66653789859172
"TCGA-E2-A14X-01","BRCA",0.819297264475078,0.298377984204638,0.0834727945060655,0.025580826775316,0.272797157429322,0.286586410039673
"TCGA-E2-A14Y-01","BRCA",0.272404974051715,0.556216176876993,-1.95690838123424,-0.599708379379578,1.15592455625657,1.21435381503233
"TCGA-E2-A14Z-01","BRCA",-0.0108689122541335,0.505220624678536,0.58458227919839,0.17914936367689,0.326071261001646,0.342553393840923
"TCGA-E2-A150-01","BRCA",1.36808115949434,-0.228978969384281,-0.483287170089006,-0.148106762855306,-0.080872206528975,-0.0849601057413172
"TCGA-E2-A152-01","BRCA",1.15681835200174,-0.504220737998102,0.300433381560568,0.0920699293308654,-0.596290667328967,-0.626431753542903
"TCGA-E2-A153-01","BRCA",1.26738437534095,0.0906918233166827,-0.077928043861544,-0.0238815988221951,0.114573422138878,0.120364838278229
"TCGA-E2-A154-01","BRCA",0.057971922724551,-1.55107960556714,-1.51937077899541,-0.465621894354265,-1.08545771121288,-1.14032503724668
"TCGA-E2-A155-01","BRCA",0.65781031606083,-1.07571306714167,0.890970726743907,0.273044264991717,-1.34875733213339,-1.41693383271759
"TCGA-E2-A156-01","BRCA",-0.795786072755968,-0.136846516102687,-0.0210502152409235,-0.00645098696943769,-0.13039552913325,-0.136986715447002
"TCGA-E2-A158-01","BRCA",-0.0983501241021451,-0.493379619712333,-0.665963347541177,-0.204089166212382,-0.289290453499951,-0.303913403308756
"TCGA-E2-A159-01","BRCA",0.640890462419338,-0.0377321391596331,0.903310352594012,0.276825830389301,-0.314557969548934,-0.330458132672273
"TCGA-E2-A15A-01","BRCA",0.128005369550149,1.00813593578312,1.03151330590827,0.316114529901783,0.692021405881341,0.727001455040908
"TCGA-E2-A15C-01","BRCA",0.376269419435863,-1.43876560613539,-0.00775903784877795,-0.00237781188861796,-1.43638779424677,-1.5089938079162
"TCGA-E2-A15D-01","BRCA",0.0340624719423518,0.727049312627668,0.0351512821233554,0.0107723583983099,0.716276954229358,0.752483064124034
"TCGA-E2-A15E-01","BRCA",0.626528846793166,0.784395327488224,0.0301579305678316,0.00924211058612223,0.775153216902101,0.814335382949262
"TCGA-E2-A15F-01","BRCA",-0.47564730057099,0.979594129336911,0.767697415498298,0.235266289069701,0.74432784026721,0.78195185626166
"TCGA-E2-A15G-01","BRCA",-0.63560336658217,-1.27319961952702,-0.16027337972711,-0.0491169079429312,-1.22408271158409,-1.28595720428429
"TCGA-E2-A15H-01","BRCA",0.741698412863826,-0.615563584655418,-0.202761825748194,-0.062137791981248,-0.55342579267417,-0.581400160619132
"TCGA-E2-A15I-01","BRCA",-0.925839240093607,-0.779762365598619,-0.159943982883517,-0.0490159619563242,-0.730746403642295,-0.767683910062389
"TCGA-E2-A15J-01","BRCA",-0.368421066789298,-0.317880506919759,-0.426138142512437,-0.130593040169195,-0.187287466750564,-0.196754406267502
"TCGA-E2-A15K-01","BRCA",0.0424635309274606,-0.625552454619941,-0.260191665329549,-0.0797375714873489,-0.545814883132592,-0.573404537559084
"TCGA-E2-A15L-01","BRCA",1.03874574296801,-0.720739578498579,-0.727124588185478,-0.222832459899185,-0.497907118599394,-0.523075148572865
"TCGA-E2-A15M-01","BRCA",0.482138180115815,0.611041367506207,0.312832837619844,0.0958698301181504,0.515171537388056,0.541212242993822
"TCGA-E2-A15O-01","BRCA",-0.673525578658989,-1.24623457659464,-1.59016955154007,-0.487318677684532,-0.75891589891011,-0.797277306846681
"TCGA-E2-A15P-01","BRCA",0.0298703169748563,0.446047861512192,0.539012415747384,0.165184157527834,0.280863703984358,0.295060701489079
"TCGA-E2-A15R-01","BRCA",-1.52360975585154,-1.60008026729983,-0.363744481826842,-0.111472062666039,-1.48860820463379,-1.56385383682794
"TCGA-E2-A15S-01","BRCA",-1.46999119157574,-0.377631629961088,0.386031552553059,0.118302092724936,-0.495933722686024,-0.52100200215254
"TCGA-E2-A15T-01","BRCA",-0.391607866448967,0.176898761238277,0.245274784617226,0.0751661881547561,0.10173257308352,0.106874914602651
"TCGA-E2-A1AZ-01","BRCA",0.292990623871654,-1.90836786593121,-1.6121752535501,-0.494062480315303,-1.41430538561591,-1.48579518563514
"TCGA-E2-A1B0-01","BRCA",1.00267079436758,1.41649366625796,0.237948509758873,0.072920999537688,1.34357266672027,1.41148709470168
"TCGA-E2-A1B1-01","BRCA",1.12118079198725,-0.0440476299271802,1.61131764498691,0.493799660120703,-0.537847290047883,-0.565034201444438
"TCGA-E2-A1B4-01","BRCA",-1.50645594948914,-1.14866579300052,0.271854736810058,0.0833118020252921,-1.23197759502581,-1.29425115545506
"TCGA-E2-A1B5-01","BRCA",-0.815426354366439,0.36266761220057,-0.374377479608707,-0.114730619851883,0.477398232052453,0.50152958620416
"TCGA-E2-A1B6-01","BRCA",-1.0796060796065,-2.06234985668101,-0.762320997676873,-0.233618647897803,-1.82873120878321,-1.92116925627598
"TCGA-E2-A1BC-01","BRCA",0.301305248144937,2.51029487989169,0.235690645792268,0.0722290611959355,2.43806581869576,2.56130429292131
"TCGA-E2-A1BD-01","BRCA",-0.326899872120089,-1.58773378860903,-0.296567504669622,-0.0908852040839494,-1.49684858452508,-1.57251074847857
"TCGA-E2-A1IE-01","BRCA",-1.10680092661419,0.027790674950201,0.894885890005608,0.274244094394666,-0.246453419444465,-0.258911058260899
"TCGA-E2-A1IF-01","BRCA",-0.24661511015268,-0.0519045777904369,0.91325584308612,0.279873696115848,-0.331778273906285,-0.348548882781509
"TCGA-E2-A1IG-01","BRCA",1.30280731810663,-0.258733650696301,1.65134833413131,0.506067347224732,-0.764800997921033,-0.803459883726007
"TCGA-E2-A1IH-01","BRCA",0.291465389906405,0.352707717034508,1.99812637442689,0.612339924185602,-0.259632207151095,-0.272756002589164
"TCGA-E2-A1II-01","BRCA",-1.07752375521102,-1.32743682888032,-1.72392578400258,-0.52830921877027,-0.799127610110048,-0.839521625163407
"TCGA-E2-A1IJ-01","BRCA",0.717329106875026,-0.0560392536966014,0.482637901332787,0.147907789864385,-0.203947043560986,-0.214256085375416
"TCGA-E2-A1IK-01","BRCA",-1.92023833884017,-1.37462084424646,0.57130011591527,0.175078951033376,-1.54969979527984,-1.62803346322819
"TCGA-E2-A1IL-01","BRCA",-0.0247272004927471,1.43272747409656,0.0416255078401112,0.0127564305447456,1.41997104355181,1.4917472292109
"TCGA-E2-A1IN-01","BRCA",1.01700456776155,-1.35145560958581,-0.666322195608904,-0.204199137734403,-1.14725647185141,-1.20524757941387
"TCGA-E2-A1IO-01","BRCA",1.14736387160639,-0.712181108426536,-1.03086110335423,-0.31591465782782,-0.396266450598716,-0.416296784638134
"TCGA-E2-A1IU-01","BRCA",-0.313091392091189,-0.311573858529857,0.773217798621843,0.236958049424107,-0.548531907953964,-0.576258901574029
"TCGA-E2-A1L6-01","BRCA",-0.00829791695889122,-0.175217777007656,0.198307845350725,0.0607728382656992,-0.235990615273355,-0.247919384027185
"TCGA-E2-A1L7-01","BRCA",-0.210493111273709,-0.0614228766063559,-1.03814679266892,-0.318147408718704,0.256724532112348,0.269701351438219
"TCGA-E2-A1L8-01","BRCA",-0.484751804050206,0.52987782607375,1.40654156079589,0.431044584429096,0.0988332416446546,0.103829028800872
"TCGA-E2-A1L9-01","BRCA",1.3706305897637,-0.130049136256349,0.608600458680468,0.186509904226959,-0.316559040483309,-0.332560353020612
"TCGA-E2-A1LA-01","BRCA",-0.55595618802303,0.0316037159427532,0.366822746552765,0.112415418608396,-0.0808117026656424,-0.0848965435504592
"TCGA-E2-A1LB-01","BRCA",-0.684739967691819,2.58261098701656,0.133181190062312,0.040814315285286,2.54179667173127,2.67027849581234
"TCGA-E2-A1LE-01","BRCA",-0.169602531420224,0.741433323732599,1.2320955255735,0.377584366221828,0.363848957510771,0.382240663767567
"TCGA-E2-A1LG-01","BRCA",-1.29907961031386,-2.34782698233062,-0.394720980288212,-0.120965029158116,-2.2268619531725,-2.33942457035678
"TCGA-E2-A1LH-01","BRCA",0.170313272175805,0.0930961748999729,0.944978304816293,0.289595268314407,-0.196499093414434,-0.20643165892329
"TCGA-E2-A1LI-01","BRCA",1.10176204204886,-0.279827487215326,-1.10972703133071,-0.340083677853793,0.0602561906384664,0.0633019988935123
"TCGA-E2-A1LK-01","BRCA",-0.120581971649166,0.186422959835419,-1.09260418250995,-0.334836260031308,0.521259219866727,0.547607643457171
"TCGA-E2-A1LL-01","BRCA",2.4795024935666,1.26006716647673,0.198729152052121,0.0609019506766526,1.19916521580008,1.25978018788423
"TCGA-E2-A1LS-01","BRCA",-1.30731630908927,-1.2346536540424,1.87309982383962,0.574024655698266,-1.80867830974066,-1.90010273050406
"TCGA-E2-A2P5-01","BRCA",0.145063203222635,-0.669736186726518,-0.39767677832269,-0.12187085431888,-0.547865332407638,-0.575558632206703
"TCGA-E2-A2P6-01","BRCA",-0.804564083654523,0.496956933235484,0.165960912018245,0.0508598923389788,0.446097040896505,0.468646193694205
"TCGA-E2-A3DX-01","BRCA",1.172525027834,1.1062473442471,-0.191032103271173,-0.0585431357752024,1.16479048002231,1.22366789032421
"TCGA-E2-A56Z-01","BRCA",-2.50031000754859,-1.72081282534117,0.25847069364945,0.0792101675745611,-1.80002299291574,-1.89100990783689
"TCGA-E2-A570-01","BRCA",-0.288538084844574,-1.1699644884549,-0.569056920632388,-0.174391508013238,-0.995572980441662,-1.04589684542881
"TCGA-E2-A573-01","BRCA",0.193041457582641,0.108891536903664,0.921251613490532,0.282324056366284,-0.17343251946262,-0.182199124086568
"TCGA-E2-A574-01","BRCA",-2.52360500131527,-0.0966208237954761,-1.96247090772788,-0.60141305486707,0.504792231071594,0.530308287234284
"TCGA-E2-A576-01","BRCA",-2.28619263961012,-0.282883103302809,-0.590444848654528,-0.180945989447036,-0.101937113855773,-0.107089794428302
"TCGA-E2-A9RU-01","BRCA",-0.922657790357475,0.29952659681854,-0.298758600561475,-0.0915566808781464,0.391083277696687,0.410851614576226
"TCGA-E9-A1N3-01","BRCA",-1.11972640654278,0.552986240590152,1.30883439746871,0.401101534905356,0.151884705684796,0.159562119166932
"TCGA-E9-A1N4-01","BRCA",0.858671609629115,0.209289517067252,0.0627397264685753,0.0192270318038378,0.190062485263415,0.199669695418188
"TCGA-E9-A1N5-01","BRCA",0.875712368042951,0.0584855648373364,-1.17811778188047,-0.361042505855174,0.419528070692511,0.440734224739079
"TCGA-E9-A1N6-01","BRCA",1.49405619370508,1.11787725961778,-0.343069884305936,-0.105136186396876,1.22301344601466,1.28483388986338
"TCGA-E9-A1N8-01","BRCA",-0.260487752883153,-1.09303382700541,-1.16932198057105,-0.358346970489696,-0.734686856515713,-0.771823543530585
"TCGA-E9-A1N9-01","BRCA",-0.0367529364758277,-1.15758295142502,-1.73746324692025,-0.532457869787927,-0.625125081637093,-0.656723679456036
"TCGA-E9-A1NA-01","BRCA",0.0124027125851764,-0.133414852899261,-0.535651332164871,-0.164154129751594,0.030739276852333,0.0322930747641978
"TCGA-E9-A1NC-01","BRCA",1.75064963539068,0.0348766759228537,-0.352008379941981,-0.107875451445454,0.142752127368308,0.149967910565963
"TCGA-E9-A1ND-01","BRCA",-0.368635817924995,0.598391602721829,0.384883131829617,0.117950151092152,0.480441451629678,0.504726633350172
"TCGA-E9-A1NE-01","BRCA",0.0964307485960753,0.0374268525178312,0.304416289788236,0.093290519656574,-0.0558636671387428,-0.058687443695565
"TCGA-E9-A1NF-01","BRCA",1.29248870356128,-0.392316904267155,-0.35027606761516,-0.10734457211147,-0.284972332155685,-0.299377011119664
"TCGA-E9-A1NG-01","BRCA",2.31416795130594,-0.92706909997428,0.574062702921011,0.175925565311283,-1.10299466528556,-1.15874844296718
"TCGA-E9-A1NH-01","BRCA",1.00162560300472,-1.05595192631698,-0.223744361731346,-0.0685680381646657,-0.987383888152319,-1.03729381384739
"TCGA-E9-A1NI-01","BRCA",-0.150696080982613,0.260162539296319,-0.0478623627468317,-0.0146677587317994,0.274830298028118,0.288722321098298
"TCGA-E9-A1QZ-01","BRCA",-0.144653263366969,1.39317075425289,1.14333620551439,0.350383446394448,1.04278730785844,1.09549774568862
"TCGA-E9-A1R0-01","BRCA",0.241833098551026,1.16355550574892,0.872647745904864,0.267429058245321,0.896126447503598,0.941423524906778
"TCGA-E9-A1R2-01","BRCA",-0.536093349791758,-0.565656190006419,0.200614803614096,0.0614798219010546,-0.627136011907474,-0.658836257506553
"TCGA-E9-A1R3-01","BRCA",1.11146898228103,-0.884998244774638,1.46069075904071,0.447638988252755,-1.33263723302739,-1.3999989006391
"TCGA-E9-A1R4-01","BRCA",0.955981011667904,-0.3689418848369,1.01014773769139,0.309566900788055,-0.678508785624956,-0.712805803715215
"TCGA-E9-A1R5-01","BRCA",-0.189932406824288,-0.0873275772231106,0.505777647825813,0.154999128427631,-0.242326705650742,-0.254575748822381
"TCGA-E9-A1R6-01","BRCA",0.0891838425788051,-0.897676673878108,-0.184779401845437,-0.0566269513105995,-0.841049722567508,-0.883562801485325
"TCGA-E9-A1R7-01","BRCA",-0.753937140897241,-1.41305286362848,0.0440617476779903,0.013503033430688,-1.42655589705916,-1.4986649315253
"TCGA-E9-A1RA-01","BRCA",0.306473538929526,0.245467021610136,-1.27526957994268,-0.390815359775371,0.636282381385508,0.668444954379743
"TCGA-E9-A1RB-01","BRCA",0.367757851462468,-1.02139864143297,-1.10442714821393,-0.338459491282083,-0.682939150150887,-0.717460112713955
"TCGA-E9-A1RC-01","BRCA",0.139600463071001,-0.621055044037339,0.00504073033012341,0.00154476737192011,-0.622599811409259,-0.654070762776864
"TCGA-E9-A1RD-01","BRCA",-0.794409451408808,-1.36667458995457,0.117604353616086,0.0360406838620635,-1.40271527381664,-1.47361922103268
"TCGA-E9-A1RE-01","BRCA",-0.641363017281816,0.0776922250768954,0.165830883588049,0.0508200442091973,0.0268721808676982,0.0282305062024177
"TCGA-E9-A1RF-01","BRCA",0.611224815965804,-0.480460330266595,3.28376119726025,1.00633178577141,-1.486792116038,-1.56194594923891
"TCGA-E9-A1RG-01","BRCA",-1.17118006381322,0.278718681847641,-0.683214912814722,-0.209376030099916,0.488094711947556,0.512766747918331
"TCGA-E9-A1RH-01","BRCA",1.93163542971277,-0.176913120899752,-0.599614598284249,-0.183756123913469,0.00684300301371693,0.00718890066917176
"TCGA-E9-A1RI-01","BRCA",0.593479177349398,-0.525439345829057,-0.0559427570954356,-0.0171440525869531,-0.508295293242104,-0.533988420931616
"TCGA-E9-A226-01","BRCA",0.102111334857376,-0.805765740915227,-2.11871027135368,-0.649293710115851,-0.156472030799376,-0.16438132274171
"TCGA-E9-A227-01","BRCA",0.0802505166775804,1.45252942583724,0.588198911829501,0.180257706261967,1.27227171957528,1.33658205292167
"TCGA-E9-A228-01","BRCA",-1.04314434915583,0.0417570284394318,0.833293651271306,0.2553687183025,-0.213611689863068,-0.224409256743173
"TCGA-E9-A229-01","BRCA",0.311068835095872,-0.772117997432608,-0.549878525718069,-0.168514153588544,-0.603603843844065,-0.634114593874519
"TCGA-E9-A22A-01","BRCA",1.7395435444915,-0.79429966926709,0.748010135164923,0.229232983118161,-1.02353265238525,-1.07526981281494
"TCGA-E9-A22B-01","BRCA",0.192874476738032,0.629560269481897,2.14701713478309,0.657968548118163,-0.0284082786362661,-0.0298442500885793
"TCGA-E9-A22D-01","BRCA",-1.06005486684812,-0.788319662569483,-0.972928459943313,-0.29816079054088,-0.490158872028603,-0.514935246420841
"TCGA-E9-A22E-01","BRCA",1.1556576091878,-1.07827430315697,-0.684628642985885,-0.209809277684707,-0.868465025472264,-0.912363883262211
"TCGA-E9-A22G-01","BRCA",-1.9618054178791,-1.61040040533932,-3.25465836965479,-0.997413018931838,-0.612987386407484,-0.643972452372922
"TCGA-E9-A22H-01","BRCA",-0.655200058403551,-0.560834743510234,0.577317379891804,0.176922984030664,-0.737757727540898,-0.775049639840005
"TCGA-E9-A243-01","BRCA",-0.713990408807316,-0.754465232030897,-0.197301458544581,-0.0604644239289172,-0.69400080810198,-0.729080911373163
"TCGA-E9-A244-01","BRCA",1.78298406945513,0.326967888137038,-2.11291727634148,-0.647518405924895,0.974486294061933,1.02374427680915
"TCGA-E9-A245-01","BRCA",-0.830903376308338,-1.1533861087302,1.24851830962278,0.38261724425615,-1.53600335298635,-1.61364469809517
"TCGA-E9-A247-01","BRCA",-0.893103890699337,-1.53141950908756,-1.42156263383988,-0.435647898236802,-1.09577161085076,-1.15116028017437
"TCGA-E9-A248-01","BRCA",0.119467405127309,0.705452346283615,0.693115008910643,0.212409984393495,0.49304236189012,0.517964489890916
"TCGA-E9-A249-01","BRCA",-0.585699361688167,-0.982110784500468,-0.823526669261349,-0.252375557759681,-0.729735226740787,-0.766621620554503
"TCGA-E9-A24A-01","BRCA",0.469055592880724,-1.28630188801289,-0.396170580689909,-0.121409269428119,-1.16489261858477,-1.22377519175
"TCGA-E9-A295-01","BRCA",-0.552303512468342,-0.260554553552405,-1.10635614361673,-0.339050645532296,0.0784960919798911,0.0824638842085051
"TCGA-E9-A2JS-01","BRCA",-0.730456899484229,0.373992510491026,0.371106944162858,0.113728341190939,0.260264169300087,0.273419908933598
"TCGA-E9-A2JT-01","BRCA",0.365621098484141,0.969367723196553,-1.08582488663378,-0.332758696982255,1.30212642017881,1.36794583819496
"TCGA-E9-A3HO-01","BRCA",-1.46948036023957,-0.965262613689108,-1.34659227887621,-0.4126727040438,-0.552589909645308,-0.580522025675528
"TCGA-E9-A3Q9-01","BRCA",-1.19015459392832,1.36304229927152,1.83179735177832,0.561367221746947,0.801675077524575,0.842197861044682
"TCGA-E9-A3QA-01","BRCA",0.471536674363337,-0.364784739521757,-0.697669406411391,-0.213805711638785,-0.150979027882973,-0.158610661489283
"TCGA-E9-A3X8-01","BRCA",-1.33287911171846,-0.0530434595545195,-0.746593613854847,-0.228798880169158,0.175755420614638,0.184639442410656
"TCGA-E9-A54X-01","BRCA",-2.50785996417955,-1.49247548042757,-0.273285917421885,-0.0837503974207376,-1.40872508300683,-1.47993281189657
"TCGA-E9-A54Y-01","BRCA",-3.12961592628652,-0.790887587087282,-2.00806256154311,-0.615384938826973,-0.175502648260309,-0.184373893010262
"TCGA-E9-A5FK-01","BRCA",-0.772065140320476,-0.0306181137843415,0.148770191023341,0.04559167460989,-0.0762097883942315,-0.0800620133713987
"TCGA-E9-A5FL-01","BRCA",-1.12327636654486,0.377390725754583,0.880549801317557,0.269850698875388,0.107540026879196,0.112975921484312
"TCGA-E9-A5UO-01","BRCA",-1.83357601747904,-1.81817482571919,0.530354503191112,0.162530879143561,-1.98070570486275,-2.08082570453023
"TCGA-E9-A5UP-01","BRCA",-2.24948909939391,-0.0835202812053688,1.48827814859082,0.456093338408881,-0.53961361961425,-0.566889814802517
"TCGA-E9-A6HE-01","BRCA",-0.676254096179405,2.38091037817195,0.659865770876762,0.202220520825288,2.17868985734666,2.28881748875479
"TCGA-EW-A1IW-01","BRCA",1.1556991334356,1.30960160532334,0.485689695476988,0.148843033710223,1.16075857161312,1.21943217845871
"TCGA-EW-A1IX-01","BRCA",0.687134431923104,-0.200790831868722,-0.0832162840617163,-0.025502217339969,-0.175288614528753,-0.184149040378614
"TCGA-EW-A1IY-01","BRCA",0.0761052577874079,-0.805525944599612,-0.290668575981844,-0.0890774357707532,-0.716448508828859,-0.752663290403737
"TCGA-EW-A1IZ-01","BRCA",-0.956793274603271,-1.57274927655253,-0.0596348937002559,-0.0182755338974518,-1.55447374265508,-1.63304872237855
"TCGA-EW-A1J1-01","BRCA",-0.591796320381703,-1.31330460209735,0.331712929986797,0.101655767622686,-1.41496036972003,-1.48648327764022
"TCGA-EW-A1J2-01","BRCA",1.01224360967752,-0.107648742224296,0.722085876940044,0.221288311290012,-0.328937053514308,-0.345564045402918
"TCGA-EW-A1J3-01","BRCA",-0.407224925359215,-0.923833224156463,-0.535412626591693,-0.164080976744631,-0.759752247411832,-0.7981559307917
"TCGA-EW-A1J5-01","BRCA",0.581181066346289,0.540312301883482,0.0606917542715857,0.0185994162756665,0.521712885607816,0.548084240930993
"TCGA-EW-A1J6-01","BRCA",-1.63445517930832,-2.65240384143475,-0.198940661383962,-0.0609667692035893,-2.59143707223116,-2.72242810142501
"TCGA-EW-A1OV-01","BRCA",-0.308024429827426,-1.36004988910326,-1.01951090743627,-0.312436310213351,-1.04761357888991,-1.10056797333256
"TCGA-EW-A1OW-01","BRCA",1.09313315088119,-0.236711242796885,-1.78051486848244,-0.545651342944009,0.308940100147124,0.32455629322824
"TCGA-EW-A1OX-01","BRCA",-1.0179618180977,-1.41854949327854,1.00777825096634,0.308840754864481,-1.72739024814302,-1.81470574920161
"TCGA-EW-A1OY-01","BRCA",-0.606005705396124,0.140032276768317,0.579813318443288,0.177687882008564,-0.0376556052402473,-0.0395590072322125
"TCGA-EW-A1OZ-01","BRCA",1.13582105514603,1.49566338721947,0.0118972106770512,0.00364598414657102,1.4920174030729,1.56743536220373
"TCGA-EW-A1P0-01","BRCA",-1.00413051939091,-1.68068076843851,-1.09820752906792,-0.336553445115498,-1.34412732332301,-1.41206978788691
"TCGA-EW-A1P1-01","BRCA",1.81710471944902,1.99701798450998,0.752433103198314,0.230588432875947,1.76642955163403,1.85571839736616
"TCGA-EW-A1P3-01","BRCA",-0.858891099318886,0.100889394376347,0.4780309946373,0.146495970805916,-0.0456065764295686,-0.0479118812538812
"TCGA-EW-A1P4-01","BRCA",1.18838643551691,-1.00708391522614,-2.12117763154008,-0.650049850052152,-0.35703406517399,-0.375081294703719
"TCGA-EW-A1P5-01","BRCA",-0.518040745456055,-1.53897755345805,0.0421741185849006,0.0129245561779245,-1.55190210963598,-1.6303470993784
"TCGA-EW-A1P6-01","BRCA",-0.14544008223447,-0.346835072032052,-0.816948608192099,-0.250359664536917,-0.0964754074951349,-0.101352011698687
"TCGA-EW-A1P7-01","BRCA",1.79998980536672,-0.148464446275533,1.27164911249827,0.389705841984706,-0.538170288260239,-0.565373526454275
"TCGA-EW-A1P8-01","BRCA",0.198637926035369,0.239510792377667,-0.348936189947464,-0.106933957147394,0.346444749525061,0.3639567141355
"TCGA-EW-A1PA-01","BRCA",-0.00643753664192964,-0.340453102668898,-0.497969089724369,-0.152606140708219,-0.187846961960679,-0.197342182640293
"TCGA-EW-A1PB-01","BRCA",-1.38897587495605,-0.579424576632556,-0.0520895943825452,-0.0159632236896002,-0.563461352942956,-0.591942994779395
"TCGA-EW-A1PC-01","BRCA",-0.802096005968558,-0.896529971385648,1.51759352600155,0.465077242635812,-1.36160721402146,-1.43043324581427
"TCGA-EW-A1PD-01","BRCA",1.430304977646,0.788049964503763,0.333902412986837,0.102326750134808,0.685723214368955,0.720384904808911
"TCGA-EW-A1PE-01","BRCA",0.52796844238597,0.40907214207964,0.988848433132877,0.303039578639921,0.106032563439719,0.111392259325011
"TCGA-EW-A1PF-01","BRCA",1.80176238140572,1.15325415111084,0.769782053216474,0.235905141005515,0.917349010105327,0.963718837970835
"TCGA-EW-A1PG-01","BRCA",1.75144699320273,-1.01172512496288,-0.284894444121899,-0.0873079123258859,-0.924417212636998,-0.971144321462208
"TCGA-EW-A1PH-01","BRCA",0.331983047188747,0.305317790111897,-1.67707082544445,-0.513950186159316,0.819267976271213,0.860680039310402
"TCGA-EW-A2FR-01","BRCA",2.01304584487447,-0.0270735224522179,1.19162148619537,0.365180811310846,-0.392254333763064,-0.412081864763511
"TCGA-EW-A2FS-01","BRCA",-0.943830620121362,-1.45206034996864,0.197697751940425,0.0605858708359157,-1.51264622080456,-1.58910691799555
"TCGA-EW-A2FV-01","BRCA",0.0721486592181636,0.84268840894605,0.661061690789235,0.202587018919657,0.640101390026393,0.672457004896014
"TCGA-EW-A2FW-01","BRCA",-1.15403498610104,-0.000284322853696668,-0.664603114582054,-0.203672313225642,0.203387990371945,0.213668773366823
"TCGA-EW-A3E8-01","BRCA",-0.634836123320037,1.47643016202564,-0.0371875318836035,-0.01139638150304,1.48782654352868,1.56303266459839
"TCGA-EW-A3U0-01","BRCA",0.615848415645206,0.70036592164341,1.34668035658467,0.412699696078943,0.287666225564467,0.302207074483695
"TCGA-EW-A423-01","BRCA",-2.19400855843632,-1.17511180863247,-0.133390823483349,-0.0408785589261225,-1.13423324970635,-1.19156606411924
"TCGA-EW-A424-01","BRCA",-0.419546802532418,-1.472613624051,-0.0546820342898656,-0.0167576951888113,-1.45585592886218,-1.52944601079901
"TCGA-EW-A6S9-01","BRCA",1.22951004003389,0.102539718639114,-0.12626047808121,-0.0386934142731895,0.141233132912303,0.148372134524457
"TCGA-EW-A6SA-01","BRCA",-1.41839267451568,0.529403669451235,-1.81296845783296,-0.555596974359913,1.08500064381115,1.13984486616629
"TCGA-EW-A6SB-01","BRCA",-1.37838639892054,-1.87995389617482,-1.41393667187018,-0.433310868390175,-1.44664302778465,-1.51976741931095
"TCGA-EW-A6SC-01","BRCA",0.576551140667441,-0.611119013407271,-1.10058260723857,-0.337281304577022,-0.273837708830249,-0.287679558858611
"TCGA-EW-A6SD-01","BRCA",-0.0343607393433844,1.22215237872718,0.698104041987899,0.213938908777551,1.00821346994963,1.05917628185464
"TCGA-GI-A2C8-01","BRCA",-0.0487873740932251,-2.05788796518873,0.662709307799765,0.20309194277644,-2.26097990796517,-2.3752671072588
"TCGA-GI-A2C9-01","BRCA",0.373686763167645,-0.466211418845237,-0.50662329527246,-0.155258283053682,-0.310953135791555,-0.326671083074497
"TCGA-GM-A2D9-01","BRCA",-0.783657175869699,-0.574538783119584,-0.925902628496459,-0.28374939272767,-0.290789390391914,-0.305488107923686
"TCGA-GM-A2DA-01","BRCA",-0.133182940845333,-0.676311826701321,-1.1871958168844,-0.363824533727489,-0.312487292973832,-0.32828278828231
"TCGA-GM-A2DB-01","BRCA",-0.849614979929791,-0.145697087091218,-0.0794495574222818,-0.0243478773871315,-0.121349209704086,-0.127483125916573
"TCGA-GM-A2DC-01","BRCA",-1.60495667058824,-0.929907070570666,0.37395372370609,0.114600756865936,-1.0445078274366,-1.09730523347168
"TCGA-GM-A2DD-01","BRCA",-0.491062299002401,2.68114386121438,0.34925282539471,0.107030992314059,2.57411286890032,2.70422820049433
"TCGA-GM-A2DF-01","BRCA",0.293990109267317,0.502621629280803,1.49622309967518,0.458528124720158,0.0440935045606447,0.0463223271722583
"TCGA-GM-A2DH-01","BRCA",0.0617342685437514,-1.13036902944579,0.224297530323244,0.0687375605822464,-1.19910659002803,-1.25971859871774
"TCGA-GM-A2DI-01","BRCA",1.38230592088179,-0.0831615133792385,-0.580928474613508,-0.178029629484333,0.0948681161050947,0.0996634755214778
"TCGA-GM-A2DK-01","BRCA",0.180275456691989,1.84573138719685,1.68561847000268,0.51656967213765,1.3291617150592,1.39634770343852
"TCGA-GM-A2DL-01","BRCA",1.77738055599609,2.17225073582506,0.22449169336436,0.0687970632160129,2.10345367260904,2.20977829240751
"TCGA-GM-A2DM-01","BRCA",-0.492743755391696,-0.459549886309745,1.0077534098724,0.308833142135989,-0.768383028445734,-0.807222977441499
"TCGA-GM-A2DN-01","BRCA",0.123059366454696,-0.938507532579405,-0.671022358401705,-0.205639535781814,-0.732867996797591,-0.769912744745531
"TCGA-GM-A2DO-01","BRCA",-1.39585842637872,-2.36103858167212,-1.20849302710987,-0.370351214052483,-1.99068736761964,-2.09131191678655
"TCGA-GM-A3NW-01","BRCA",-1.45357009978315,0.495920437177166,0.363605881175329,0.111429587518558,0.384490849658609,0.40392595485645
"TCGA-GM-A3NY-01","BRCA",-1.38322126530296,-1.84049670346518,-1.72541665733417,-0.528766107420821,-1.31173059604436,-1.3780354824883
"TCGA-GM-A3XG-01","BRCA",0.259637568505232,-0.906574234865794,0.321694030071639,0.0985854050605425,-1.00515963992634,-1.05596808792955
"TCGA-GM-A3XL-01","BRCA",-1.21289342168926,1.9836761641615,-0.419750362104623,-0.128635459797555,2.11231162395906,2.21908399229687
"TCGA-GM-A3XN-01","BRCA",-0.191771143177245,0.438456755223421,0.0431571049726456,0.0132257992913986,0.425230955932022,0.446725377370804
"TCGA-GM-A4E0-01","BRCA",0.448579900403612,1.42644454679234,0.410062711633313,0.125666610964437,1.3007779358279,1.36652919114202
"TCGA-GM-A5PV-01","BRCA",-1.83069197798168,0.325508342408321,0.645541442083567,0.197830729208754,0.127677613199567,0.134131415276121
"TCGA-GM-A5PX-01","BRCA",-1.09755168153747,-0.055303964828481,0.0343690418617267,0.0105326353514441,-0.0658366001799251,-0.0691644849696442
"TCGA-HN-A2NL-01","BRCA",-2.36687346764919,-1.55855750341859,-2.29383812425134,-0.702962876159916,-0.855594627258673,-0.898842916788177
"TCGA-HN-A2OB-01","BRCA",0.660542081834529,1.50255256687775,-0.342720721227829,-0.105029182908252,1.60758174978601,1.68884121395521
"TCGA-JL-A3YW-01","BRCA",0.863705140958118,2.15570065358672,2.04092266768761,0.625455150182361,1.53024550340436,1.60759580280315
"TCGA-JL-A3YX-01","BRCA",-0.370014438206765,0.664213373365832,-0.642593854732526,-0.196927420269857,0.861140793635688,0.904669428788703
"TCGA-LD-A66U-01","BRCA",-1.552704053968,-0.320166560001351,-0.844904559332153,-0.258926962992475,-0.0612395970088754,-0.0643351141354798
"TCGA-LD-A74U-01","BRCA",0.491149848779765,0.462569762524725,0.453619984442152,0.139015044512414,0.323554718012311,0.339909645541563
"TCGA-LD-A7W5-01","BRCA",-0.381391183596285,0.0155983151533806,-0.575324852594576,-0.176312359983188,0.191910675136568,0.201611306928403
"TCGA-LD-A7W6-01","BRCA",-0.842690943685909,-0.346841400159422,-0.800123071487407,-0.245203360109932,-0.10163804004949,-0.106775603146812
"TCGA-LD-A9QF-01","BRCA",0.440331696259919,1.28130623413791,1.06603515717433,0.326693994773253,0.954612239364661,1.00286563554216
"TCGA-LL-A440-01","BRCA",0.668516446229451,0.99644208698294,1.44215746286172,0.441959328886662,0.554482758096277,0.582510553149291
"TCGA-LL-A441-01","BRCA",0.0592451282056694,-0.187503153430018,-0.76381198621733,-0.234075571854921,0.0465724184249032,0.0489265442830597
"TCGA-LL-A442-01","BRCA",-0.603137382930023,0.58519096277201,-0.225318391133424,-0.0690504105796794,0.65424137335169,0.687311731013414
"TCGA-LL-A50Y-01","BRCA",-2.63555064983247,-0.747228893779373,0.774388436451275,0.237316799645763,-0.984545693425136,-1.03431215507381
"TCGA-LL-A5YL-01","BRCA",-1.21377389581168,-0.242276014864913,-0.348329799955923,-0.106748124656417,-0.135527890208496,-0.142378505264179
"TCGA-LL-A5YM-01","BRCA",-2.32709008975275,1.70881036625026,0.703397864504101,0.215561238035455,1.49324912821481,1.56872934814516
"TCGA-LL-A5YN-01","BRCA",-1.91971991931681,0.0956128127173171,-0.783277594040437,-0.240040944701795,0.335653757419112,0.352620262841239
"TCGA-LL-A5YO-01","BRCA",-1.11599339624492,0.39587486097238,-0.0392102775710147,-0.0120162661893786,0.407891127161759,0.428509061171616
"TCGA-LL-A5YP-01","BRCA",1.13750606849806,0.352295878522103,0.0317167247078544,0.00971981404759437,0.342576064474508,0.35989247618427
"TCGA-LL-A6FP-01","BRCA",-3.17082259580274,-1.67477507585992,-0.0948359563872195,-0.0290631479006802,-1.64571192795924,-1.72889878266237
"TCGA-LL-A6FQ-01","BRCA",-1.92414170919862,0.244628884332758,0.452461836727878,0.138660121974665,0.105968762358094,0.111325233249256
"TCGA-LL-A6FR-01","BRCA",-0.549666408130421,0.325876655791824,-0.221353124667702,-0.0678352266963815,0.393711882488206,0.413613089137448
"TCGA-LL-A73Y-01","BRCA",0.559108527316822,-0.407417677844325,0.571093295928134,0.175015569589207,-0.582433247433532,-0.611873873770002
"TCGA-LL-A73Z-01","BRCA",0.111552403643612,0.249651147304911,0.240057815354225,0.0735674111184934,0.176083736186417,0.184984353559888
"TCGA-LL-A740-01","BRCA",0.432507726701506,3.85625077480416,0.277806950042472,0.0851358997631131,3.77111487504105,3.96173583357529
"TCGA-LL-A7SZ-01","BRCA",-2.1029781788561,0.632985742204623,-0.610902459338355,-0.187215368569138,0.820201110773761,0.861660341560211
"TCGA-LL-A7T0-01","BRCA",-0.742697432158655,-0.970948225841188,-0.583409225682626,-0.178789873151115,-0.792158352690073,-0.832200088225653
"TCGA-LL-A8F5-01","BRCA",-0.115874543332223,-0.885388723894933,0.756883350562871,0.231952242577223,-1.11734096647216,-1.17381991582693
"TCGA-LL-A9Q3-01","BRCA",-1.10511122959983,-0.636901760282742,1.81394254952645,0.555895491631582,-1.19279725191432,-1.25309033845002
"TCGA-LQ-A4E4-01","BRCA",-0.658124804598196,1.49831864451368,-1.24362344236936,-0.381117177653149,1.87943582216683,1.97443686822251
"TCGA-MS-A51U-01","BRCA",0.574790180999189,-0.15344266862619,0.355529604474479,0.108954555545608,-0.262397224171799,-0.275660784695875
"TCGA-OK-A5Q2-01","BRCA",0.597943994990708,0.947744585541499,0.223333712586724,0.0684421918371749,0.879302393704324,0.923749054886329
"TCGA-OL-A5D6-01","BRCA",0.694532620688527,1.6112034752329,0.397643528505221,0.12186066467774,1.48934281055516,1.56462557534524
"TCGA-OL-A5D7-01","BRCA",-1.93330165177061,0.00694636484127864,-1.86206562393824,-0.570643147292423,0.577589512133701,0.606785299080141
"TCGA-OL-A5D8-01","BRCA",-0.428562088144882,-0.387766833308597,-0.0397562234493967,-0.0121835751554462,-0.375583258153151,-0.394568105618925
"TCGA-OL-A5DA-01","BRCA",-0.215384022710227,-0.792035182083745,0.180482105635287,0.0553100145696582,-0.847345196653403,-0.890176496931334
"TCGA-OL-A5RU-01","BRCA",-0.263773110040409,-0.288977520615643,0.254414484780131,0.0779671137500842,-0.366944634365727,-0.385492819782918
"TCGA-OL-A5RV-01","BRCA",0.636355033295637,0.240561844988302,-0.399056430360856,-0.122293658419394,0.362855503407695,0.381196992903755
"TCGA-OL-A5RW-01","BRCA",-2.01836560827665,-0.947033839754777,-0.338358877552785,-0.103692465141313,-0.843341374613464,-0.885970291134775
"TCGA-OL-A5RX-01","BRCA",0.282834953163378,-0.312736611590288,-0.402772151624771,-0.123432367415061,-0.189304244175227,-0.198873127032154
"TCGA-OL-A5RY-01","BRCA",0.564421505327206,1.19707923786929,0.779536020707892,0.23889431315731,0.958184924711979,1.0066189117036
"TCGA-OL-A5RZ-01","BRCA",-2.44804033979101,0.256665580703065,-0.894462336586156,-0.274114293461114,0.530779874164178,0.557609544364229
"TCGA-OL-A5S0-01","BRCA",-0.712137789738504,0.475709128346379,-0.44538931101559,-0.136492696573604,0.612201824919983,0.643147182605854
"TCGA-OL-A66H-01","BRCA",-0.820466272692231,-0.931121570197102,0.226425204032806,0.0693896012012384,-1.00051117139834,-1.05108465028609
"TCGA-OL-A66I-01","BRCA",0.661315563848235,-0.6608012023217,-0.608289087815772,-0.186414482428758,-0.474386719892942,-0.498365849211011
"TCGA-OL-A66J-01","BRCA",0.00758150153639509,1.53943146534159,1.78784137789967,0.547896603443299,0.991534861898293,1.0416546095215
"TCGA-OL-A66K-01","BRCA",-0.349918207712572,-0.607027337117438,-0.487270024498399,-0.149327336688025,-0.457700000429414,-0.480835655452923
"TCGA-OL-A66L-01","BRCA",-1.42594491302088,0.195097545189361,0.887748937954998,0.272056925087699,-0.0769593798983389,-0.0808494949572874
"TCGA-OL-A66N-01","BRCA",-0.806793517976723,-1.36818212153587,0.0932357387606918,0.028572749919527,-1.3967548714554,-1.46735753439637
"TCGA-OL-A66O-01","BRCA",-2.94537973197199,-1.26459097598329,-0.728245067395649,-0.2231758386581,-1.04141513732519,-1.09405621517272
"TCGA-OL-A66P-01","BRCA",-1.7928537886791,2.78853855377684,1.59140666714794,0.487697800490389,2.30084075328645,2.41714282425461
"TCGA-OL-A6VO-01","BRCA",-0.909186967001514,1.1996788386204,-1.78094819043576,-0.54578413751368,1.74546297613408,1.83369201094784
"TCGA-OL-A6VQ-01","BRCA",0.720057472064422,0.485243727425824,-0.343909704974414,-0.10539355536565,0.590637282791474,0.62049260375688
"TCGA-OL-A6VR-01","BRCA",-1.3143801536864,-0.624928700049739,-0.422744250962071,-0.129552958159747,-0.495375741889992,-0.520415816743891
"TCGA-OL-A97C-01","BRCA",0.0156862308465662,0.0665932531815184,-0.751077004445981,-0.230172846846044,0.296766100027562,0.311766926128652
"TCGA-PE-A5DC-01","BRCA",-0.737293363713086,-0.676666707448728,-0.205577696229874,-0.06300073535627,-0.613665972092458,-0.644685338963067
"TCGA-PE-A5DD-01","BRCA",0.0112250415069802,-1.33765548416763,-0.762676334775917,-0.233727543458701,-1.10392794070893,-1.15972889326102
"TCGA-PE-A5DE-01","BRCA",-0.582736069266528,0.0460720481496146,-0.0771679926806963,-0.0236486757756781,0.0697207239252927,0.0732449420052831
"TCGA-PL-A8LV-01","BRCA",0.920304659746715,-0.0659116413657493,-0.572653721992434,-0.175493773165387,0.109582131799638,0.115121249989891
"TCGA-PL-A8LX-01","BRCA",-1.27155912585224,-0.607670319604012,1.29392393430396,0.396532118275491,-1.0042024378795,-1.05496250157789
"TCGA-PL-A8LY-01","BRCA",0.131845478735497,-1.35177880758269,-0.628077359825488,-0.192478737992007,-1.15930006959068,-1.21789995260055
"TCGA-PL-A8LZ-01","BRCA",-0.398228182789693,0.111003681643426,-0.612486635318384,-0.187700850474549,0.298704532117975,0.313803341387271
"TCGA-S3-A6ZF-01","BRCA",-0.125316132723274,-0.264027742305172,0.0958205009731671,0.0293648685349869,-0.293392610840159,-0.308222915022978
"TCGA-S3-A6ZG-01","BRCA",-0.663438054972467,-0.446937792720973,-1.14806447423651,-0.351832457702186,-0.0951053350187872,-0.0999126852915109
"TCGA-S3-A6ZH-01","BRCA",-1.2556755831725,0.172901104599486,1.5539418944658,0.47621645658871,-0.303315351989225,-0.318647227323228
"TCGA-S3-AA0Z-01","BRCA",0.122042415693537,-1.67315477145747,0.25042151485264,0.0767434399454801,-1.74989821140295,-1.83835143689409
"TCGA-S3-AA10-01","BRCA",0.0912031550417417,-0.160613959732748,-0.883730248518638,-0.270825369358151,0.110211409625403,0.115782336324892
"TCGA-S3-AA11-01","BRCA",-0.630819703178937,-1.21833459887995,-0.182316880507185,-0.055872294273452,-1.1624623046065,-1.22122203113474
"TCGA-S3-AA12-01","BRCA",-1.290056104911,-0.841349829785512,-0.463159753610705,-0.141938574077002,-0.699411255708511,-0.734764844339602
"TCGA-S3-AA14-01","BRCA",0.653619198186455,2.61357767719758,-0.807969062519171,-0.24760781941493,2.86118549661251,3.00581167215499
"TCGA-S3-AA15-01","BRCA",0.325377860665583,0.841038874224983,-0.278813371486582,-0.0854443247149446,0.926483198939928,0.973314738497808
"TCGA-S3-AA17-01","BRCA",-0.158153507618352,-1.05335599838517,-1.07869971345821,-0.330575137394645,-0.722780860990523,-0.759315728025226
"TCGA-UL-AAZ6-01","BRCA",-2.09324385261152,-0.431772379353494,0.260557334791943,0.0798496334738907,-0.511622012827385,-0.537483298342139
"TCGA-UU-A93S-01","BRCA",-1.3782926167213,0.615638573437547,1.1932952461919,0.365693746870125,0.249944826567422,0.262578947775527
"TCGA-V7-A7HQ-01","BRCA",-1.49510693818063,0.124871657861419,0.606183272945383,0.185769140605245,-0.0608974827438256,-0.0639757068015915
"TCGA-W8-A86G-01","BRCA",-0.350206893736023,-0.783790813357831,-0.715189735880197,-0.219174940210082,-0.56461587314775,-0.593155873256311
"TCGA-WT-AB41-01","BRCA",-2.34754490422174,-0.719690087757701,1.20411263139901,0.369008810883284,-1.08869889864098,-1.1437300590513
"TCGA-WT-AB44-01","BRCA",0.0973173164705262,-0.978682344912147,-1.57371092662563,-0.482274815964224,-0.496407528947923,-0.521499758202975
"TCGA-XX-A899-01","BRCA",0.589650052625229,1.82691615119656,0.362853989602265,0.111199165041412,1.71571698615515,1.80244243136472
"TCGA-XX-A89A-01","BRCA",0.506279322069608,1.74821479764177,0.389109453348072,0.119245337138098,1.62896946050367,1.71131002298277
"TCGA-Z7-A8R5-01","BRCA",-0.854406377208882,-0.940998488023859,0.821504383551187,0.251755814036616,-1.19275430206048,-1.25304521758241
"TCGA-Z7-A8R6-01","BRCA",0.0570871079988526,0.13629307353409,-0.864955682879926,-0.265071771263975,0.401364844798064,0.421652890633984
